{"params/learning_rate":0.0012225658493321414,"cv/roc_auc_mean":0.6278292989880142,"_timestamp":1.7668553838641756e+09,"params/reg_lambda":0.0014766098316226395,"test/accuracy":0.351288056206089,"cv/roc_auc_std":0.043978027057209615,"complete_trials":65,"params/colsample_bytree":0.8985874705539578,"cv/accuracy_mean":0.31739894551845343,"failed_trials":1,"optuna/slice":{"sha256":"d1b028d4acba1bd86012760d09ebc6e4515350b70c5e4363b6420af073102628","size":44183,"path":"media/plotly/optuna/slice_8_d1b028d4acba1bd86012.plotly.json","_type":"plotly-file"},"cv/precision_std":0.055184893303089635,"params/subsample":0.7355352669735316,"total_trials":66,"best_value":0.5712239756272335,"best_params":{"max_depth":3,"n_estimators":400,"learning_rate":0.0014676204320547457,"subsample":0.7379412754479283,"colsample_bylevel":0.990721945159727,"colsample_bynode":0.7987349030317195,"min_child_weight":1,"gamma":0.10390108216052565,"reg_alpha":2.7533035910754315,"reg_lambda":0.00013308072694660997,"colsample_bytree":0.9608449275774049},"test/precision":0.12175324675324675,"params/max_depth":3,"test/recall":0.8522727272727273,"optuna/parallel_coordinate":{"_type":"plotly-file","sha256":"5571510d7c7e4edb22bd57411dcc1f93fc8a3f143771dfb185cf235d3e73d145","size":23127,"path":"media/plotly/optuna/parallel_coordinate_7_5571510d7c7e4edb22bd.plotly.json"},"params/tree_method":"hist","params/scale_pos_weight":9.537037037037036,"optuna/optimization_history":{"sha256":"b123a0d49a91921c90dd190ade416fe7e1a2cc6b2c85ba427aac31e839b03e2b","size":10830,"path":"media/plotly/optuna/optimization_history_5_b123a0d49a91921c90dd.plotly.json","_type":"plotly-file"},"cv/f1_score_mean":0.16727537076022858,"test/f1_score":0.21306818181818182,"_runtime":129,"test/roc_auc":0.5833432233562782,"params/gamma":0.39260015817177385,"params/n_estimators":350,"cv/recall_std":0.10550412989890738,"params/n_jobs":-1,"optuna/param_importances":{"path":"media/plotly/optuna/param_importances_6_38c0de064e1a1c2997ae.plotly.json","_type":"plotly-file","sha256":"38c0de064e1a1c2997aedded4843d0ea97ff0a6383db10478effca0d026b3083","size":8878},"best_trial_number":47,"cv/precision_mean":0.09576542345418033,"_wandb":{"runtime":129},"trial_number":65,"cv/f1_score_std":0.08754718187039055,"cv/recall_mean":0.8385226414200128,"params/reg_alpha":0.030619952740741918,"params/colsample_bynode":0.8168526956818258,"optuna/edf":{"size":9728,"path":"media/plotly/optuna/edf_9_1152a38b2c206d16ca8c.plotly.json","_type":"plotly-file","sha256":"1152a38b2c206d16ca8c377e4b139db0fc613ad58e0ce92a69a641f88925232f"},"params/colsample_bylevel":0.9789637146610944,"cv/accuracy_std":0.11966597630909341,"confusion_matrix_5.0pct":{"size":177151,"path":"media/images/confusion_matrix_5.0pct_10_94a2581d9f01459f8363.png","format":"png","width":2903,"height":2092,"_type":"image-file","sha256":"94a2581d9f01459f83639453d3f324e85cf7cd96a22b354ab02314d4a68f946c"},"training_time_seconds":20.61493945121765,"pruned_trials":0,"params/min_child_weight":2,"_step":10}