{"params/tree_method":"hist","test/accuracy":0.594106463878327,"training_time_seconds":19.57336711883545,"params/n_jobs":-1,"params/reg_lambda":5.2248614722828695,"best_trial_number":79,"cv/f1_score_std":0.06891066118568302,"optuna/edf":{"_type":"plotly-file","sha256":"311d3e51cac9da6b892414b62597b72aa1108393d1eb5c0cfb32c2dfca91db58","size":9728,"path":"media/plotly/optuna/edf_14_311d3e51cac9da6b8924.plotly.json"},"trial_number":91,"params/colsample_bylevel":0.9678555674178725,"optuna/param_importances":{"path":"media/plotly/optuna/param_importances_11_55b3a6c812c58f89c3fc.plotly.json","_type":"plotly-file","sha256":"55b3a6c812c58f89c3fce77ea4aafcc31415225c2cddeabf6d7fea3fbf64777a","size":8873},"_step":14,"cv/roc_auc_std":0.03729090682059685,"params/gamma":0.366961030449455,"cv/precision_mean":0.41288410152972704,"_timestamp":1.766789962053404e+09,"optuna/slice":{"path":"media/plotly/optuna/slice_13_e1f0bd2dbd35fcf1532f.plotly.json","_type":"plotly-file","sha256":"e1f0bd2dbd35fcf1532f8bbd1a5a2eb14c8a1df4ae4bc75a1cee9d09100ddad9","size":54253},"test/recall":0.8166666666666667,"test/roc_auc":0.6950775709219857,"optuna/optimization_history":{"path":"media/plotly/optuna/optimization_history_10_71f5541592a1550cdb35.plotly.json","_type":"plotly-file","sha256":"71f5541592a1550cdb359186b06dc241b29d3fbb0735903dff0470fd43962122","size":11981},"total_trials":92,"cv/f1_score_mean":0.5233623527823236,"cv/recall_std":0.09223749879753003,"params/reg_alpha":0.0005949748627015951,"best_params":{"subsample":0.8494944506854556,"colsample_bytree":0.9883786483621786,"colsample_bylevel":0.9462016050835669,"max_depth":3,"min_child_weight":8,"n_estimators":200,"learning_rate":0.00764431432442571,"reg_lambda":0.04203190514714885,"colsample_bynode":0.8728491099456845,"gamma":0.030797532502140526,"reg_alpha":0.0024489593532229866},"params/scale_pos_weight":2.2165263963274673,"_wandb":{"runtime":285},"params/n_estimators":150,"cv/accuracy_mean":0.5968571428571428,"optuna/parallel_coordinate":{"size":28055,"path":"media/plotly/optuna/parallel_coordinate_12_f6745a6b9b45e1820022.plotly.json","_type":"plotly-file","sha256":"f6745a6b9b45e182002207fec1a118b9850a46bdcaef4fc58811bb9f2826bc42"},"test/precision":0.39708265802269044,"failed_trials":2,"cv/roc_auc_mean":0.6624125777058955,"test/f1_score":0.5343511450381679,"params/subsample":0.9186134674975788,"params/colsample_bytree":0.914523732538164,"params/colsample_bynode":0.8681496197554873,"pruned_trials":0,"_runtime":285,"cv/recall_mean":0.7201553564091272,"params/max_depth":3,"cv/accuracy_std":0.0459937884004848,"params/min_child_weight":7,"best_value":0.527147655812574,"cv/precision_std":0.061234641613040236,"params/learning_rate":0.004950170079584193,"complete_trials":88}