{"cv/accuracy_mean":0.6594285714285715,"optuna/slice":{"sha256":"cc62149bf487066abb55d627556c77825265e1baba28bd40df9828db9dd98baa","size":37524,"path":"media/plotly/optuna/slice_53_cc62149bf487066abb55.plotly.json","_type":"plotly-file"},"test/roc_auc":0.7206930381504173,"optuna/param_importances":{"path":"media/plotly/optuna/param_importances_51_b63a0ea7834f91613e67.plotly.json","_type":"plotly-file","sha256":"b63a0ea7834f91613e67901d316e84dc51f417c38f1900cb3f01e28a8c11292a","size":8881},"params/colsample_bynode":0.644495633208799,"params/scale_pos_weight":0.6512175962293795,"cv/roc_auc_std":0.03265869522441848,"params/colsample_bytree":0.7323193901158045,"params/min_child_weight":3,"test/f1_score":0.7279752704791345,"cv/accuracy_std":0.036573660646170264,"params/n_estimators":100,"best_value":0.741413740619506,"test/recall":0.7759472817133443,"cv/precision_std":0.0470188724637466,"training_time_seconds":3.9161899089813232,"params/gamma":0.3143597985754785,"total_trials":50,"cv/precision_mean":0.688714659002623,"complete_trials":50,"_timestamp":1.766780077915375e+09,"params/reg_lambda":0.010514337890143458,"_wandb":{"runtime":474},"best_params":{"gamma":0.00264641498772706,"reg_alpha":0.006670790380052197,"colsample_bynode":0.7665717766271902,"reg_lambda":0.0006433288892232992,"subsample":0.8150990902574846,"colsample_bytree":0.582448150836848,"colsample_bylevel":0.5320243774095285,"max_depth":7,"min_child_weight":3,"n_estimators":100,"learning_rate":0.002316739255549258},"cv/recall_mean":0.7776976245316629,"params/n_jobs":-1,"failed_trials":0,"best_trial_number":14,"trial_number":49,"cv/roc_auc_mean":0.6831198745113343,"cv/recall_std":0.07174738319309798,"optuna/parallel_coordinate":{"size":19919,"path":"media/plotly/optuna/parallel_coordinate_52_139a2a785c219189706b.plotly.json","_type":"plotly-file","sha256":"139a2a785c219189706b4e21c593e18d9ebe3cb5aabebcfa71475bc6501c8295"},"_runtime":474,"optuna/optimization_history":{"size":10042,"path":"media/plotly/optuna/optimization_history_50_b8603fadbf5ac52ed676.plotly.json","_type":"plotly-file","sha256":"b8603fadbf5ac52ed67641f0b951356724d06e5844227f8b40dce222d54a2465"},"_step":54,"params/subsample":0.8116155023678941,"cv/f1_score_mean":0.7289898889368495,"pruned_trials":0,"params/colsample_bylevel":0.6611474495606579,"params/tree_method":"hist","cv/f1_score_std":0.04838807124191916,"optuna/edf":{"path":"media/plotly/optuna/edf_54_854c7e1ed4ee29f56fa3.plotly.json","_type":"plotly-file","sha256":"854c7e1ed4ee29f56fa314c24a839b77c5f3a9ed3911055d591a6131320863d0","size":9728},"params/max_depth":6,"params/learning_rate":0.005429269228421164,"params/reg_alpha":0.0010563784948399754,"test/precision":0.6855895196506551,"test/accuracy":0.6653992395437263}