{"data": [{"dimensions": [{"label": "Objective Value", "range": [0.5474026658176608, 0.6136770516207753], "values": [0.5722092262409171, 0.5966664299760994, 0.5552949269444671, 0.5748469316848995, 0.5850874551402205, 0.5815052951851756, 0.552985508501634, 0.5607081814406343, 0.5474026658176608, 0.595236286480876, 0.6036389047715948, 0.6033500962577888, 0.6006492269768691, 0.5789108211898866, 0.6023269545167903, 0.5893151950899351, 0.5937168475803892, 0.5710426842326587, 0.5888245499537759, 0.5695330301374795, 0.591620493863328, 0.6023466491979768, 0.590781817783516, 0.6033127685397717, 0.6011020989587392, 0.5981443080127758, 0.5918833490084182, 0.600655153081919, 0.5845048576338092, 0.5745006829186095, 0.5667693639668696, 0.602001025454768, 0.6044850615156907, 0.5896163404723869, 0.5961635307780018, 0.6030882881083393, 0.5683975893781448, 0.6042905377350797, 0.6074940017739503, 0.5886614883168703, 0.5833740974366273, 0.6096589480625999, 0.6077103419421435, 0.606240786617967, 0.5888367159869754, 0.5991260008506839, 0.6134954176849339, 0.5955881409779745, 0.6136770516207753, 0.5982724519764895]}, {"label": "colsample_bylevel", "range": [0.5025558633027, 0.9946959537849177], "values": [0.8540362888980227, 0.8059264473611898, 0.5852620618436457, 0.5171942605576092, 0.9474136752138245, 0.6404672548436904, 0.8645035840204937, 0.864803089169032, 0.7137705091792748, 0.6143990827458112, 0.7632960276972384, 0.7601394071116793, 0.7133501981834188, 0.7684745212342167, 0.988633232797539, 0.6806910539243465, 0.8000405634807826, 0.7569405787682556, 0.9353277734843536, 0.6730874376466722, 0.818085451584611, 0.9946959537849177, 0.924454997208107, 0.548383021003521, 0.5025558633027, 0.5672395248263343, 0.7417902398612948, 0.6647349103636333, 0.5552682952455646, 0.841022298128347, 0.8913557812745215, 0.7185130611848437, 0.7888717419789387, 0.7907946346377446, 0.83243959035717, 0.7765942675934889, 0.7432604618564371, 0.6902020064849556, 0.6341895800179522, 0.6141258911624186, 0.6403235609067088, 0.692509879923176, 0.7009010330607496, 0.7040963995020788, 0.6494167933075407, 0.6113618666703471, 0.7061889339365444, 0.7050505783783443, 0.6345956206685639, 0.5919543228639784]}, {"label": "colsample_bynode", "range": [0.5102922471479012, 0.9869738795084972], "values": [0.5102922471479012, 0.569746930326021, 0.5325257964926398, 0.954660201039391, 0.7989499894055425, 0.7713480415791243, 0.8856351733429728, 0.8187787356776066, 0.5127095633720475, 0.5384899549143964, 0.640380477119852, 0.6477198461867284, 0.6526482450411472, 0.6670848953710113, 0.6599362867984437, 0.7148673447060466, 0.6048036112192879, 0.7222562664609742, 0.5903750288997475, 0.622530764479339, 0.7079511477323331, 0.6747616216994059, 0.6824866433410839, 0.6386691938261779, 0.6261054323415941, 0.5704408833944761, 0.7490660320914653, 0.6337368560671982, 0.8583273934601744, 0.5834520981988157, 0.7462749948386506, 0.6784597648255047, 0.6977149102077369, 0.5509012766361594, 0.7015786651944964, 0.626341199317167, 0.9869738795084972, 0.7877548147842351, 0.784644836580854, 0.799874779721393, 0.8751794802274673, 0.7728095163149848, 0.8364436606225928, 0.8337177108992857, 0.8446547190989218, 0.9107423414235776, 0.818919315243949, 0.821778366694442, 0.9108796137291807, 0.8967579183358687]}, {"label": "colsample_bytree", "range": [0.5009139886483243, 0.9983397850740512], "values": [0.8005575058716043, 0.645614570099021, 0.8037724259507192, 0.7475884550556351, 0.9697494707820946, 0.6783766633467947, 0.8534286719238086, 0.6625916610133735, 0.7613664146909971, 0.8777755692715243, 0.5261418404934673, 0.5020487317883341, 0.5009139886483243, 0.5099485531251752, 0.5707921208261756, 0.5817450669339584, 0.5829844332599173, 0.5426330582223647, 0.6299871150842886, 0.6098565200737268, 0.7153982245793804, 0.5500171172404611, 0.5373278067160152, 0.5432377628274302, 0.5026635992413198, 0.5938241184019404, 0.5398385744138572, 0.6913296714886142, 0.9983397850740512, 0.6182412494870834, 0.5599985568714769, 0.5286105267789388, 0.5603629603137658, 0.6467245005426289, 0.6044088502378453, 0.524596941391561, 0.5663066658204389, 0.6312740321736537, 0.6363330205132136, 0.7113158534809432, 0.7618123406914348, 0.6448743636648017, 0.6536443860678844, 0.6589790843750126, 0.6643144661561247, 0.6963599678622037, 0.7314588607199313, 0.7385040212298823, 0.7830224891280126, 0.8087034904192847]}, {"label": "gamma", "range": [-3.9950807304670506, -0.13864821573817893], "ticktext": ["0.000101", "0.001", "0.01", "0.1", "0.727"], "tickvals": [-3.9950807304670506, -3, -2, -1, -0.13864821573817893], "values": [-3.375925438230254, -3.2663819605862647, -3.2013048713665606, -3.6093115439744636, -1.8131588826268812, -2.698678676946942, -0.9110209228133701, -1.506807492689768, -0.9568598055324101, -1.9657172353411887, -2.6735299422096945, -2.7024918162737093, -2.587198623613522, -0.13864821573817893, -2.504089177033662, -3.830676218000392, -2.6739547265203316, -2.2974150549136656, -2.941345827329909, -3.9950807304670506, -1.539520943751111, -2.2461683122686202, -2.111342912555827, -2.9963215369241247, -3.0127651299296008, -2.8700384707554663, -3.585808450078387, -2.3753890220522447, -3.015643129544164, -1.7394189650897882, -3.448312882991858, -2.1757303130916363, -2.7170229650831472, -3.1980014382680233, -2.8230026173132003, -3.4014923173102987, -3.1123914243198483, -2.5504602548824717, -2.4343698898826274, -2.4542042139949523, -1.2722306054552326, -2.719958537078569, -1.8320661770837254, -1.9172500934637866, -1.9358384131721225, -1.6632047130795078, -1.2920732519052853, -1.1880977023699935, -0.5783948418967088, -0.49654737912527597]}, {"label": "learning_rate", "range": [-2.996807208460118, -0.5553613933416826], "ticktext": ["0.00101", "0.01", "0.1", "0.278"], "tickvals": [-2.996807208460118, -2, -1, -0.5553613933416826], "values": [-1.5170503444772654, -2.5495975090925853, -1.055023937338421, -2.2454347579003744, -1.7117284508404493, -2.887966521346359, -0.5553613933416826, -0.8619881587422107, -1.233206177751916, -2.2213021177275794, -2.9555062561398997, -2.9574383732867084, -2.91680369057025, -2.524401861585362, -2.9937133560902316, -2.187540588954411, -2.593614544876378, -1.9545385946054523, -2.699521804658589, -1.9428505913614489, -2.3821222072035093, -2.9887106121576927, -2.7690064624823396, -2.8225107347310483, -2.685570075251935, -2.73468887644477, -2.4794976568900244, -2.8142176598097537, -2.4124005132152018, -1.9247325296572972, -1.4412571016774087, -2.985965290248749, -2.996807208460118, -2.643158164321813, -2.809696749286311, -2.8248861398169254, -2.3417359372094717, -2.552855356838798, -2.5564236882317055, -2.084842642421383, -1.741299920868697, -2.5912757205656898, -2.5594674382624536, -2.531861829531993, -2.273367425462696, -2.4287147130880373, -2.5935103756562508, -2.0796916320276964, -2.584365535641866, -2.3138032667572586]}, {"label": "max_depth", "range": [3, 10], "values": [5, 10, 5, 10, 5, 10, 4, 3, 10, 3, 8, 8, 8, 8, 8, 7, 7, 9, 6, 9, 6, 8, 9, 7, 7, 7, 6, 9, 8, 7, 6, 8, 8, 9, 8, 7, 9, 5, 4, 4, 4, 5, 5, 5, 5, 4, 5, 5, 3, 3]}, {"label": "min_child_weight", "range": [1, 10], "values": [10, 9, 4, 10, 7, 1, 9, 4, 5, 1, 7, 7, 7, 7, 6, 8, 5, 3, 8, 6, 8, 6, 6, 7, 7, 9, 8, 5, 7, 9, 10, 6, 4, 3, 4, 3, 2, 5, 4, 4, 5, 4, 4, 4, 2, 4, 3, 3, 2, 2]}, {"label": "n_estimators", "range": [100, 500], "values": [400, 150, 300, 450, 200, 150, 100, 150, 150, 350, 250, 250, 250, 300, 250, 500, 250, 350, 350, 200, 200, 250, 250, 300, 300, 400, 300, 200, 350, 300, 400, 250, 250, 200, 250, 300, 350, 100, 100, 100, 100, 100, 100, 100, 150, 150, 100, 100, 100, 150]}, {"label": "reg_alpha", "range": [-3.9575909121455677, 0.8212653264665164], "ticktext": ["0.00011", "0.001", "0.01", "0.1", "1", "6.63"], "tickvals": [-3.9575909121455677, -3, -2, -1, 0, 0.8212653264665164],