{"params/reg_alpha":1.0975704856886865,"cv/roc_auc_mean":0.6723296337520461,"optuna/param_importances":{"_type":"plotly-file","sha256":"737f6a822702c7228d3453fa6b2efcd5827003b443cd74339b9cf76e6b128329","size":8885,"path":"media/plotly/optuna/param_importances_51_737f6a822702c7228d34.plotly.json"},"total_trials":50,"params/scale_pos_weight":2.7737881508078996,"cv/accuracy_mean":0.6559999999999999,"cv/roc_auc_std":0.05037447788970503,"complete_trials":50,"optuna/slice":{"size":37740,"path":"media/plotly/optuna/slice_53_c3d743452c987aa6ef17.plotly.json","_type":"plotly-file","sha256":"c3d743452c987aa6ef1735e44c3d74fc7749b31b71a716301a68d42b537ae95f"},"params/max_depth":8,"params/reg_lambda":0.3261962893137803,"test/recall":0.7232472324723247,"cv/f1_score_mean":0.4697946704973214,"optuna/optimization_history":{"path":"media/plotly/optuna/optimization_history_50_5e4c36bdda85263699c1.plotly.json","_type":"plotly-file","sha256":"5e4c36bdda85263699c11d7209804df4cf8e6e911030c0752e2b84d7a3fc89c1","size":10141},"pruned_trials":0,"cv/accuracy_std":0.05085714285714289,"params/colsample_bylevel":0.612844267751113,"optuna/parallel_coordinate":{"sha256":"b44bf4927ebb97f4b6a88fe445e91d20c529b68a4b23e8fdd2b221579bd4b0bb","size":20005,"path":"media/plotly/optuna/parallel_coordinate_52_b44bf4927ebb97f4b6a8.plotly.json","_type":"plotly-file"},"params/colsample_bynode":0.644495633208799,"cv/precision_mean":0.39395789247083385,"test/f1_score":0.5051546391752577,"test/accuracy":0.6349809885931559,"training_time_seconds":24.831856727600098,"_wandb":{"runtime":1118},"params/n_estimators":300,"optuna/edf":{"size":9728,"path":"media/plotly/optuna/edf_54_9a343185d725e664765a.plotly.json","_type":"plotly-file","sha256":"9a343185d725e664765a4f96334f1c23d37ac03ee07c3aa5b7db42806ce38451"},"best_params":{"learning_rate":0.003315349595201597,"reg_lambda":0.02587965475940887,"subsample":0.8021921685790447,"colsample_bynode":0.8915815507091044,"max_depth":5,"gamma":0.02735036904275585,"reg_alpha":0.4315811243172703,"colsample_bytree":0.999689574241141,"colsample_bylevel":0.5555945827608246,"min_child_weight":8,"n_estimators":400},"params/learning_rate":0.005992638221234114,"params/subsample":0.9125491000778204,"cv/recall_mean":0.584788030761185,"_timestamp":1.7667882957798576e+09,"_step":54,"params/min_child_weight":9,"params/n_jobs":-1,"params/colsample_bytree":0.9540490003230859,"cv/precision_std":0.05586974949366467,"best_trial_number":43,"test/precision":0.38811881188118813,"cv/recall_std":0.08269993734734658,"_runtime":1118,"test/roc_auc":0.6979083491219035,"params/tree_method":"hist","trial_number":49,"params/gamma":0.01983878823707637,"failed_trials":0,"cv/f1_score_std":0.06285683854589234,"best_value":0.49240005098782935}