{"params/colsample_bytree":0.8087034904192847,"pruned_trials":0,"cv/recall_std":0.07784772758755838,"params/reg_alpha":0.03749893389945894,"_runtime":1483,"params/subsample":0.9643832523395599,"params/gamma":0.318751781616787,"cv/accuracy_mean":0.5977142857142858,"cv/precision_std":0.05380349826621265,"optuna/parallel_coordinate":{"_type":"plotly-file","sha256":"33b8bbb490604059383ae10db7e64573da279fbe2df3f9b1dae600c1a7a24ebc","size":19915,"path":"media/plotly/optuna/parallel_coordinate_52_33b8bbb490604059383a.plotly.json"},"cv/f1_score_mean":0.5982724519764895,"optuna/edf":{"path":"media/plotly/optuna/edf_54_06f11ab64fd90fb53e40.plotly.json","_type":"plotly-file","sha256":"06f11ab64fd90fb53e409d0748ac2e8509b476f2574f08ac8b7db88fbbfe0109","size":9728},"params/min_child_weight":2,"best_trial_number":48,"failed_trials":0,"complete_trials":50,"test/roc_auc":0.6977084861263905,"params/tree_method":"hist","optuna/optimization_history":{"_type":"plotly-file","sha256":"ee6cfa08c542eb933298b0fe18327dcebd91a54d61f55ae830f2648bdbe3206f","size":10078,"path":"media/plotly/optuna/optimization_history_50_ee6cfa08c542eb933298.plotly.json"},"params/learning_rate":0.0048550838324100815,"trial_number":49,"test/precision":0.4992272024729521,"params/n_estimators":150,"params/reg_lambda":0.0013241131233465155,"test/recall":0.7995049504950495,"optuna/param_importances":{"sha256":"365e07773f7450d7488860d8136d4e6f28a7bf2852cd8ffd570b0fe03f447ad6","size":8879,"path":"media/plotly/optuna/param_importances_51_365e07773f7450d74888.plotly.json","_type":"plotly-file"},"test/f1_score":0.6146527117031398,"test/accuracy":0.6150190114068441,"total_trials":50,"params/colsample_bylevel":0.5919543228639784,"best_value":0.6136770516207753,"best_params":{"max_depth":3,"learning_rate":0.00260396093357286,"gamma":0.2640007484462911,"reg_alpha":0.02401707964013867,"reg_lambda":0.0016540747999756484,"subsample":0.9575704869277669,"colsample_bylevel":0.6345956206685639,"min_child_weight":2,"n_estimators":100,"colsample_bytree":0.7830224891280126,"colsample_bynode":0.9108796137291807},"_wandb":{"runtime":1483},"optuna/slice":{"path":"media/plotly/optuna/slice_53_75f6c0ae74bf7ca63ac6.plotly.json","_type":"plotly-file","sha256":"75f6c0ae74bf7ca63ac6d2970fd7a1f16a3a50b22557869a589deb924bde32f9","size":37529},"params/n_jobs":-1,"params/max_depth":3,"training_time_seconds":10.925445556640625,"_timestamp":1.7667830153260252e+09,"cv/accuracy_std":0.02833617432735412,"params/colsample_bynode":0.8967579183358687,"cv/precision_mean":0.5161184881545069,"cv/roc_auc_std":0.027658245461673083,"cv/recall_mean":0.7142041917024027,"cv/roc_auc_mean":0.6551026678002057,"cv/f1_score_std":0.05853636349367542,"params/scale_pos_weight":1.334258745141588,"_step":54}