{"params/colsample_bylevel":0.9468425242667822,"params/n_jobs":-1,"_timestamp":1.7667871851247628e+09,"optuna/edf":{"path":"media/plotly/optuna/edf_54_f348e8cf7e708714316a.plotly.json","_type":"plotly-file","sha256":"f348e8cf7e708714316a018027519ff3021cefb775bddfa2787fa417a2bc3088","size":9728},"cv/roc_auc_mean":0.6691896502886288,"complete_trials":73,"cv/roc_auc_std":0.03924133701583544,"params/n_estimators":200,"cv/f1_score_std":0.06581783618207622,"optuna/optimization_history":{"sha256":"825da76ffeb430ede2f2fe0a77ca8ddb0f9d7bf04af412ae482b41dcb9de4549","size":11229,"path":"media/plotly/optuna/optimization_history_50_825da76ffeb430ede2f2.plotly.json","_type":"plotly-file"},"pruned_trials":0,"cv/f1_score_mean":0.5245442162782028,"test/accuracy":0.5960076045627376,"test/roc_auc":0.6915070921985815,"cv/recall_mean":0.7173578897604276,"params/scale_pos_weight":2.2165263963274673,"params/max_depth":3,"params/colsample_bytree":0.9764271626132364,"params/colsample_bynode":0.7889722608515233,"best_value":0.5256830256398057,"_wandb":{"runtime":2595},"optuna/slice":{"size":47665,"path":"media/plotly/optuna/slice_53_c003611d059f4ba26cf2.plotly.json","_type":"plotly-file","sha256":"c003611d059f4ba26cf2cb8a8cee5f5cdf594a2cc727b5de724514300cc7ec18"},"params/tree_method":"hist","params/reg_alpha":0.0006427927342342743,"optuna/parallel_coordinate":{"sha256":"97e87fd74f46b265c16c35b215ac3350301d311e5d6f284f838ebb12bcf66d70","size":24864,"path":"media/plotly/optuna/parallel_coordinate_52_97e87fd74f46b265c16c.plotly.json","_type":"plotly-file"},"params/reg_lambda":0.019634323145344613,"cv/accuracy_std":0.04044043238429296,"best_params":{"colsample_bynode":0.8809404910710323,"min_child_weight":8,"gamma":0.03435990625742633,"reg_alpha":0.010915311395728986,"reg_lambda":2.5761074735450302,"colsample_bytree":0.9414985488286376,"max_depth":4,"n_estimators":200,"learning_rate":0.008268942264672476,"subsample":0.7790446314021827,"colsample_bylevel":0.9181419980886699},"test/f1_score":0.5324532453245324,"trial_number":74,"params/subsample":0.8473556263430548,"cv/recall_std":0.09376400430920419,"training_time_seconds":9.972408533096313,"params/min_child_weight":8,"cv/accuracy_mean":0.6011428571428571,"cv/precision_std":0.058168056347383035,"_runtime":2595,"_step":54,"total_trials":75,"test/recall":0.8066666666666666,"failed_trials":1,"optuna/param_importances":{"sha256":"16e0ab2de0983a3843c719c9ea5c597a14181872600f7645548f22ffd3b1cae7","size":8876,"path":"media/plotly/optuna/param_importances_51_16e0ab2de0983a3843c7.plotly.json","_type":"plotly-file"},"params/gamma":0.6840984347655892,"test/precision":0.3973727422003284,"best_trial_number":22,"params/learning_rate":0.005316774089115511,"cv/precision_mean":0.41547485496813985}