{"_wandb":{"runtime":697},"params/scale_pos_weight":0.528884908195253,"trial_number":83,"params/n_jobs":-1,"cv/precision_std":0.03324045525467801,"test/recall":0.9005145797598628,"cv/roc_auc_mean":0.6918631347941838,"cv/accuracy_mean":0.6822495606326889,"cv/f1_score_std":0.02958250120472517,"_step":30,"cv/roc_auc_std":0.054399901830629684,"_timestamp":1.7667910766454093e+09,"params/colsample_bytree":0.8425817933731157,"params/gamma":0.0001926193453769944,"cv/recall_mean":0.9521367091740067,"_runtime":697,"params/tree_method":"hist","params/reg_alpha":0.0022491459713417845,"training_time_seconds":19.86443066596985,"test/precision":0.7608695652173914,"params/max_depth":9,"params/colsample_bylevel":0.5430889932105513,"params/min_child_weight":2,"test/f1_score":0.8248232521602514,"test/roc_auc":0.7254372029140532,"cv/recall_std":0.05187941869289432,"test/accuracy":0.7388758782201406,"cv/f1_score_mean":0.7938711989569015,"params/subsample":0.9863574322776184,"params/n_estimators":100,"params/reg_lambda":0.0035066135300048334,"params/colsample_bynode":0.5323767970855753,"params/learning_rate":0.0011505301003138105,"cv/accuracy_std":0.04054234335408428,"cv/precision_mean":0.6822042654138655}