{
  "total_alerts": 346,
  "success_rate": 39.884393063583815,
  "total_return": -523.5488440250474,
  "avg_return": -1.5131469480492699,
  "win_rate": 39.884393063583815,
  "profit_factor": 0.40439109873354145,
  "sharpe_ratio": -0.3482329756420793,
  "max_drawdown": -547.742476654947,
  "best_return": 7.637123445722999,
  "worst_return": -14.157365214555496,
  "volatility": 4.345214422210584
}