{"cv/roc_auc_mean":0.6830633010399682,"optuna/edf":{"size":9728,"path":"media/plotly/optuna/edf_14_96fb79a2d1611673aa00.plotly.json","_type":"plotly-file","sha256":"96fb79a2d1611673aa00d7f33dbc8f695610544815d18b202620fbe2b47a723a"},"params/n_estimators":100,"cv/precision_mean":0.6385111255260443,"params/reg_alpha":0.0002902021381507751,"training_time_seconds":28.118855476379395,"test/accuracy":0.7060889929742389,"best_value":0.7484488752299852,"complete_trials":60,"_wandb":{"runtime":210},"params/tree_method":"hist","_runtime":210,"params/learning_rate":0.002439512475650122,"test/precision":0.7233727810650887,"optuna/parallel_coordinate":{"_type":"plotly-file","sha256":"a5d9c6609ebb03f3c4c9b76255500e8a692a438fde1830c0e08dc0c663f28800","size":22047,"path":"media/plotly/optuna/parallel_coordinate_12_a5d9c6609ebb03f3c4c9.plotly.json"},"params/reg_lambda":0.00015101811081932287,"_step":15,"params/colsample_bylevel":0.544429485915528,"test/roc_auc":0.7025016070602511,"params/n_jobs":-1,"_timestamp":1.766792600219271e+09,"params/scale_pos_weight":0.6768172888015717,"confusion_matrix_2.0pct":{"sha256":"246d1141677b7c81cd25e234e6ab0fc01cbf8c579ec60f97f640b07ff81c9133","size":187444,"path":"media/images/confusion_matrix_2.0pct_15_246d1141677b7c81cd25.png","format":"png","width":2903,"height":2092,"_type":"image-file"},"cv/f1_score_mean":0.7415044953012654,"params/colsample_bynode":0.7578489444378567,"params/min_child_weight":1,"cv/recall_std":0.08700563132831717,"optuna/param_importances":{"path":"media/plotly/optuna/param_importances_11_282d77254979e61d5c71.plotly.json","_type":"plotly-file","sha256":"282d77254979e61d5c71ca7fe4338395f9175d86e7fc2d80808a8a4f83dea10d","size":8873},"total_trials":61,"test/f1_score":0.7957689178193653,"cv/accuracy_mean":0.6397188049209139,"failed_trials":1,"pruned_trials":0,"best_params":{"max_depth":7,"min_child_weight":1,"n_estimators":100,"learning_rate":0.0012214770332391676,"gamma":0.025724430895128127,"subsample":0.8407201841915815,"colsample_bytree":0.935851550437755,"colsample_bynode":0.6904384958508891,"reg_alpha":0.00010577625955999176,"reg_lambda":0.0022727804148723932,"colsample_bylevel":0.5197160226543237},"optuna/slice":{"size":41970,"path":"media/plotly/optuna/slice_13_127257cfc5c6cec283d4.plotly.json","_type":"plotly-file","sha256":"127257cfc5c6cec283d4151c7ae8c9fa89159c833b6fcf3cca8740e822c543f0"},"optuna/optimization_history":{"path":"media/plotly/optuna/optimization_history_10_90c9fc88ac6b6ccf3cb2.plotly.json","_type":"plotly-file","sha256":"90c9fc88ac6b6ccf3cb2f2fa1d3552f76a98d23b3f8149853c229b51d27473d0","size":10544},"best_trial_number":53,"trial_number":60,"cv/accuracy_std":0.05569819042352585,"cv/f1_score_std":0.049709298941261366,"cv/recall_mean":0.8902492863295002,"params/subsample":0.778035732403065,"cv/precision_std":0.046259037114251896,"cv/roc_auc_std":0.054485635246423164,"params/colsample_bytree":0.9030485893443077,"test/recall":0.8842676311030742,"params/gamma":0.0842374276716515,"params/max_depth":6}