{"cv/roc_auc_mean":0.6813104246503772,"optuna/slice":{"_type":"plotly-file","sha256":"4832652a78c43f432d64eb25299cf3e18c6ab76ba847d0321da23e187b38f8a0","size":41913,"path":"media/plotly/optuna/slice_13_4832652a78c43f432d64.plotly.json"},"params/n_estimators":150,"_step":15,"cv/roc_auc_std":0.04240927083468889,"params/reg_alpha":0.05996472540783113,"params/colsample_bynode":0.9667635203120863,"params/learning_rate":0.023523418571812418,"best_params":{"learning_rate":0.006468947755538846,"gamma":0.14277714525799645,"reg_alpha":0.12627384776079859,"reg_lambda":0.0015288031341134183,"subsample":0.9600020900668238,"colsample_bytree":0.7881018569659317,"max_depth":3,"min_child_weight":2,"n_estimators":100,"colsample_bylevel":0.6313964329180076,"colsample_bynode":0.8666963956631963},"cv/precision_mean":0.5598902298212514,"best_trial_number":57,"test/precision":0.5505443234836703,"cv/precision_std":0.06482641024486681,"best_value":0.616372916031773,"params/gamma":0.08926111229576188,"optuna/parallel_coordinate":{"_type":"plotly-file","sha256":"76d2095da7771768e65f2610c66dbb9f051ab5d2dd6c211246d850281679d95c","size":22050,"path":"media/plotly/optuna/parallel_coordinate_12_76d2095da7771768e65f.plotly.json"},"confusion_matrix_4.0pct":{"path":"media/images/confusion_matrix_4.0pct_15_5638a5a659668b64b420.png","format":"png","width":2903,"height":2092,"_type":"image-file","sha256":"5638a5a659668b64b4203f80510ed9e0b71e9679d3329e3bea6ba6d397165bef","size":182269},"params/tree_method":"hist","optuna/optimization_history":{"sha256":"9a69daafed6afda5be6b7eccae3fcfa597eb409485e2b8c4ea62a1b7e8d6aa27","size":10576,"path":"media/plotly/optuna/optimization_history_10_9a69daafed6afda5be6b.plotly.json","_type":"plotly-file"},"params/max_depth":4,"training_time_seconds":12.759841203689575,"optuna/edf":{"_type":"plotly-file","sha256":"0b4a8d8b735b4ba0b6cc16350ac142a47e9a44bddcb16e115bfb301668854ef1","size":9728,"path":"media/plotly/optuna/edf_14_0b4a8d8b735b4ba0b6cc.plotly.json"},"failed_trials":1,"trial_number":60,"cv/recall_std":0.06287758470804312,"cv/accuracy_std":0.03455382981355221,"_runtime":158,"_timestamp":1.7667931654583554e+09,"params/reg_lambda":0.0001358936983034684,"pruned_trials":0,"params/scale_pos_weight":1.3675450762829404,"_wandb":{"runtime":158},"test/f1_score":0.6847195357833655,"optuna/param_importances":{"size":8881,"path":"media/plotly/optuna/param_importances_11_19fe141d4c0f1a1ded24.plotly.json","_type":"plotly-file","sha256":"19fe141d4c0f1a1ded24f5b65c5ddd3f16b01c2fe802117bf64982c4e2af3620"},"params/colsample_bylevel":0.5307532714102643,"cv/accuracy_mean":0.637609841827768,"test/accuracy":0.6182669789227166,"params/colsample_bytree":0.7349074171376352,"test/roc_auc":0.6755784856904543,"complete_trials":60,"params/subsample":0.5086792017528844,"total_trials":61,"cv/recall_mean":0.6506741221204545,"params/n_jobs":-1,"cv/f1_score_std":0.050155693965072884,"test/recall":0.9053708439897699,"params/min_child_weight":2,"cv/f1_score_mean":0.5994073909472608}