{"params/n_jobs":-1,"cv/recall_mean":0.9499095204584297,"_wandb":{"runtime":198},"params/tree_method":"hist","_timestamp":1.7667923878823004e+09,"test/recall":0.902229845626072,"optuna/edf":{"sha256":"9d04f33d4463114b56530b802f928de06b9e928debc84e585b3957495ba6068d","size":9728,"path":"media/plotly/optuna/edf_14_9d04f33d4463114b5653.plotly.json","_type":"plotly-file"},"optuna/slice":{"path":"media/plotly/optuna/slice_13_5f8cf59c10d3bd6f8fcf.plotly.json","_type":"plotly-file","sha256":"5f8cf59c10d3bd6f8fcf97de0372bf84a6f77a35020b9f528a13ef31cbd0d82a","size":56234},"best_value":0.7972642330244047,"cv/recall_std":0.05428834396021943,"total_trials":95,"best_params":{"max_depth":9,"min_child_weight":1,"n_estimators":100,"learning_rate":0.0013235910549774278,"gamma":0.0001709788447166313,"reg_lambda":0.001098875600947436,"colsample_bytree":0.7305883229614227,"colsample_bylevel":0.6065492701048893,"reg_alpha":0.007593927940854749,"subsample":0.9988223383721228,"colsample_bynode":0.5688817715685446},"test/precision":0.7634252539912917,"cv/f1_score_std":0.0291877306082282,"test/f1_score":0.8270440251572327,"_runtime":198,"params/colsample_bynode":0.5160674777672827,"complete_trials":92,"params/colsample_bylevel":0.5119659972690827,"cv/f1_score_mean":0.7912010182754925,"test/accuracy":0.7423887587822015,"trial_number":94,"cv/roc_auc_std":0.05706460864793158,"params/n_estimators":100,"cv/precision_std":0.030834616421942178,"params/reg_alpha":0.001630967386404195,"params/subsample":0.9869048567728292,"params/learning_rate":0.001163737512620445,"_step":15,"params/colsample_bytree":0.8429463435011205,"params/scale_pos_weight":0.528884908195253,"cv/accuracy_mean":0.6780316344463972,"training_time_seconds":33.071889877319336,"params/min_child_weight":3,"confusion_matrix_1.5pct":{"_type":"image-file","sha256":"49be23383a7c67d6bab2c8a2cc50f2d2318ebf56878166252df7b32bed050439","size":179772,"path":"media/images/confusion_matrix_1.5pct_15_49be23383a7c67d6bab2.png","format":"png","width":2903,"height":2092},"cv/accuracy_std":0.03841427372179753,"failed_trials":3,"params/reg_lambda":0.0021294681757613133,"params/max_depth":8,"cv/precision_mean":0.6793825726741056,"test/roc_auc":0.7276778085105037,"params/gamma":0.00028558534115382967,"cv/roc_auc_mean":0.6798095812504285,"best_trial_number":55,"pruned_trials":0,"optuna/optimization_history":{"path":"media/plotly/optuna/optimization_history_10_721621f547ca47e75fe8.plotly.json","_type":"plotly-file","sha256":"721621f547ca47e75fe891655bb30f08e2cb40b12b4f9bf8ec4dbb918ff135ba","size":12161},"optuna/parallel_coordinate":{"path":"media/plotly/optuna/parallel_coordinate_12_058f52fb60c5d6525980.plotly.json","_type":"plotly-file","sha256":"058f52fb60c5d6525980800a8a8c10845ea42c6c882cd4df66695b56f3f2d656","size":28863},"optuna/param_importances":{"_type":"plotly-file","sha256":"6ca2792e6c41a6dc5c93b0eb87e6099f70f6607e38f9a7a2c3f9cbb4d04ca652","size":8888,"path":"media/plotly/optuna/param_importances_11_6ca2792e6c41a6dc5c93.plotly.json"}}