{"cv/accuracy_std":0.06381331862445115,"params/colsample_bytree":0.9343954893774675,"complete_trials":60,"cv/recall_std":0.07645198113678131,"params/reg_lambda":0.00010225216688964504,"cv/precision_std":0.07963925836838415,"optuna/slice":{"sha256":"bfc5d8b1666c27c0336cd6f7370235d56aaf6faf5c39e956707aec94b1e41bdb","size":41940,"path":"media/plotly/optuna/slice_13_bfc5d8b1666c27c0336c.plotly.json","_type":"plotly-file"},"optuna/optimization_history":{"size":10587,"path":"media/plotly/optuna/optimization_history_10_98fe688140e18c792f6c.plotly.json","_type":"plotly-file","sha256":"98fe688140e18c792f6c872a4414763f2ace76defb08f56c0436e6450edb94e4"},"confusion_matrix_5.0pct":{"width":2903,"height":2092,"_type":"image-file","sha256":"605a28dd9195e1d90c84a6512a79ae4847c5cb2ee81d3ab05bfa44d8bc2960ff","size":185378,"path":"media/images/confusion_matrix_5.0pct_15_605a28dd9195e1d90c84.png","format":"png"},"cv/recall_mean":0.7887032759667765,"total_trials":61,"test/precision":0.4772370486656201,"test/recall":0.8837209302325582,"params/tree_method":"hist","optuna/edf":{"path":"media/plotly/optuna/edf_14_175104e8b9cd6c26d477.plotly.json","_type":"plotly-file","sha256":"175104e8b9cd6c26d47713e5f179f088d693d1da0423ef8d1250766c93ed78a8","size":9728},"best_value":0.5712239756272335,"failed_trials":1,"optuna/param_importances":{"size":8865,"path":"media/plotly/optuna/param_importances_11_c42d147c776641d5c836.plotly.json","_type":"plotly-file","sha256":"c42d147c776641d5c8367bf398515ed2a661586d0960db104b45de49b7ac2f10"},"params/gamma":0.9092542856102273,"cv/f1_score_std":0.058760428979270904,"trial_number":60,"cv/roc_auc_mean":0.6658137843536449,"best_params":{"colsample_bytree":0.9608449275774049,"reg_alpha":2.7533035910754315,"colsample_bylevel":0.990721945159727,"colsample_bynode":0.7987349030317195,"max_depth":3,"min_child_weight":1,"n_estimators":400,"learning_rate":0.0014676204320547457,"gamma":0.10390108216052565,"reg_lambda":0.00013308072694660997,"subsample":0.7379412754479283},"cv/roc_auc_std":0.06376580173254774,"best_trial_number":47,"_wandb":{"runtime":190},"_step":15,"optuna/parallel_coordinate":{"size":22048,"path":"media/plotly/optuna/parallel_coordinate_12_9d7fef7ed3c63b2f5826.plotly.json","_type":"plotly-file","sha256":"9d7fef7ed3c63b2f582616668e72dff9d1d8335cb7628ef4fe1f0eb28fc19fc0"},"params/subsample":0.7635663200993769,"test/f1_score":0.6197757390417941,"params/colsample_bynode":0.7856201203071823,"training_time_seconds":20.915841341018677,"cv/f1_score_mean":0.5678701193311365,"params/learning_rate":0.001585316648317608,"params/max_depth":3,"cv/precision_mean":0.4510417338622446,"_runtime":190,"_timestamp":1.7667933582991097e+09,"test/accuracy":0.563231850117096,"params/n_jobs":-1,"params/scale_pos_weight":1.816831683168317,"cv/accuracy_mean":0.5764499121265378,"pruned_trials":0,"test/roc_auc":0.6663731190150478,"params/n_estimators":350,"params/colsample_bylevel":0.938033413557093,"params/reg_alpha":0.1744631376144399,"params/min_child_weight":1}