{"cv/roc_auc_std":0.044828904671694265,"params/tree_method":"hist","cv/recall_mean":0.9882760395863844,"params/min_child_weight":3,"params/reg_lambda":0.0025831640106598443,"params/subsample":0.9646363288345805,"test/f1_score":0.5741127348643006,"params/gamma":0.00018763521942459347,"cv/accuracy_mean":0.40175746924428823,"test/accuracy":0.522248243559719,"cv/precision_std":0.06724750825675353,"complete_trials":97,"_wandb":{"runtime":78},"_timestamp":1.766852577338106e+09,"optuna/parallel_coordinate":{"path":"media/plotly/optuna/parallel_coordinate_7_e2b5e2981aede0aa62fd.plotly.json","_type":"plotly-file","sha256":"e2b5e2981aede0aa62fdc739685a261765544fd6acb3b03980d61ea64933ec62","size":29918},"test/roc_auc":0.6229974341440035,"params/scale_pos_weight":1.6362934362934363,"best_trial_number":55,"confusion_matrix_1.5pct":{"sha256":"c6f269efe82907b27febed38e176cb6c1096031b99d61699c9502dfc0a8d4b69","size":182959,"path":"media/images/confusion_matrix_1.5pct_10_c6f269efe82907b27feb.png","format":"png","width":2903,"height":2095,"_type":"image-file"},"pruned_trials":0,"_step":10,"test/precision":0.4317111459968603,"training_time_seconds":10.343017339706421,"optuna/optimization_history":{"_type":"plotly-file","sha256":"be4101924275d3a2bf291c4d9411df4f3df7445de46617a6b76bc36ffbffd830","size":12399,"path":"media/plotly/optuna/optimization_history_5_be4101924275d3a2bf29.plotly.json"},"cv/precision_mean":0.3758422125274287,"cv/roc_auc_mean":0.6252738440425938,"params/max_depth":8,"_runtime":78,"cv/accuracy_std":0.05662870263099144,"params/n_estimators":100,"best_value":0.7972642330244047,"optuna/slice":{"_type":"plotly-file","sha256":"5b669fa4ebeb5ff8564fa60b4091c0a62da20559763d2fd43b58c95d521d2cd1","size":58438,"path":"media/plotly/optuna/slice_8_5b669fa4ebeb5ff8564f.plotly.json"},"best_params":{"min_child_weight":1,"n_estimators":100,"gamma":0.0001709788447166313,"reg_alpha":0.007593927940854749,"subsample":0.9988223383721228,"colsample_bynode":0.5688817715685446,"max_depth":9,"learning_rate":0.0013235910549774278,"reg_lambda":0.001098875600947436,"colsample_bytree":0.7305883229614227,"colsample_bylevel":0.6065492701048893},"params/colsample_bynode":0.5430594239044507,"failed_trials":3,"params/n_jobs":-1,"params/colsample_bylevel":0.5246168687923658,"params/colsample_bytree":0.8759880763372396,"cv/f1_score_mean":0.5413207344912746,"optuna/edf":{"size":9728,"path":"media/plotly/optuna/edf_9_930fb1f04c83876e48cc.plotly.json","_type":"plotly-file","sha256":"930fb1f04c83876e48cc5c5ce6a6f4ea9be0b9c87956c9aeaf7b1e1327c75b2c"},"test/recall":0.8566978193146417,"trial_number":99,"cv/f1_score_std":0.07097035910782057,"params/learning_rate":0.0013694563143045483,"optuna/param_importances":{"sha256":"a45bfd94d75e89097ae3cc070e7e89470a88c9d966cd333707b949c28f69f9ee","size":8885,"path":"media/plotly/optuna/param_importances_6_a45bfd94d75e89097ae3.plotly.json","_type":"plotly-file"},"total_trials":100,"params/reg_alpha":0.002326468743583952,"cv/recall_std":0.01247863458754049}