{"test/f1_score":0.4943820224719101,"test/recall":0.8088235294117647,"params/reg_alpha":0.00013973317828112585,"cv/precision_mean":0.31050868170599366,"training_time_seconds":10.703714609146118,"cv/recall_std":0.027851313472862734,"test/precision":0.3559870550161812,"total_trials":66,"params/colsample_bylevel":0.5524286025910528,"best_value":0.7484488752299852,"_runtime":89,"confusion_matrix_2.0pct":{"path":"media/images/confusion_matrix_2.0pct_10_5ae8606f78aef8edfafb.png","format":"png","width":2903,"height":2094,"_type":"image-file","sha256":"5ae8606f78aef8edfafbb6e8b113512e39c2c58fab03a16363d285ca0d79bed6","size":186317},"params/n_estimators":150,"test/roc_auc":0.5885637760258742,"best_trial_number":53,"params/subsample":0.8779457496340596,"cv/roc_auc_mean":0.6192219153314781,"_step":10,"params/scale_pos_weight":2.266985645933014,"params/n_jobs":-1,"pruned_trials":0,"cv/f1_score_mean":0.46721129176102394,"optuna/parallel_coordinate":{"_type":"plotly-file","sha256":"82258e86eadc658c3bd7590762f1915c119fc7f5c8d3074cbf9ed02a8b5d4776","size":23118,"path":"media/plotly/optuna/parallel_coordinate_7_82258e86eadc658c3bd7.plotly.json"},"test/accuracy":0.47306791569086654,"_wandb":{"runtime":89},"cv/accuracy_std":0.06585610364080348,"optuna/edf":{"sha256":"14d97c9d869521ea31a70e0444be8030640c7b6ce0359dbe51138e3d426e918a","size":9728,"path":"media/plotly/optuna/edf_9_14d97c9d869521ea31a7.plotly.json","_type":"plotly-file"},"optuna/optimization_history":{"sha256":"e0cf9cc973a1d081dbc8dddb899b1be164ad22d05baa7bcdcf0cbd96560a49ed","size":10786,"path":"media/plotly/optuna/optimization_history_5_e0cf9cc973a1d081dbc8.plotly.json","_type":"plotly-file"},"cv/accuracy_mean":0.37574692442882246,"optuna/param_importances":{"path":"media/plotly/optuna/param_importances_6_cd8a7ca9d53040194283.plotly.json","_type":"plotly-file","sha256":"cd8a7ca9d530401942836db56e45b1a40961427e9d1de6627b986435c0a7dcc4","size":8871},"complete_trials":65,"params/colsample_bynode":0.7890874585625091,"cv/recall_mean":0.9693332291395883,"cv/f1_score_std":0.072480947468986,"optuna/slice":{"_type":"plotly-file","sha256":"c242b5ff63f11d5b878779b9c88235f6b681a5b5611b5cde39ae7824ccd2e825","size":44217,"path":"media/plotly/optuna/slice_8_c242b5ff63f11d5b8787.plotly.json"},"params/tree_method":"hist","_timestamp":1.7668546603317707e+09,"best_params":{"learning_rate":0.0012214770332391676,"reg_lambda":0.0022727804148723932,"subsample":0.8407201841915815,"colsample_bytree":0.935851550437755,"max_depth":7,"min_child_weight":1,"gamma":0.025724430895128127,"reg_alpha":0.00010577625955999176,"colsample_bylevel":0.5197160226543237,"colsample_bynode":0.6904384958508891,"n_estimators":100},"params/colsample_bytree":0.9030632400403006,"params/max_depth":6,"params/learning_rate":0.001616778565884129,"failed_trials":1,"cv/precision_std":0.0628066648797251,"params/gamma":0.06412336637031213,"cv/roc_auc_std":0.04267074250514498,"params/reg_lambda":0.00033503114779831754,"trial_number":65,"params/min_child_weight":2}