{"params/colsample_bynode":0.5102922471479012,"_wandb":{"runtime":19},"params/max_depth":5,"cv/recall_std":0.05328216295817959,"cv/f1_score_mean":0.7580437646263887,"test/recall":0.7686453576864536,"test/accuracy":0.6644486692015209,"cv/precision_mean":0.7584045449515953,"params/min_child_weight":10,"params/colsample_bytree":0.8005575058716043,"params/reg_alpha":0.000602521573620386,"params/n_jobs":-1,"cv/precision_std":0.03062435093984701,"test/f1_score":0.7410124724871606,"test/roc_auc":0.7092460936747395,"params/gamma":0.00042079886696066364,"cv/f1_score_std":0.03863652712611441,"trial_number":0,"params/colsample_bylevel":0.8540362888980227,"training_time_seconds":10.105834245681763,"params/reg_lambda":0.00019517224641449495,"cv/roc_auc_std":0.03801536456652223,"cv/accuracy_mean":0.6877142857142857,"_runtime":19,"params/learning_rate":0.030405325392865647,"cv/recall_mean":0.7587147665693854,"_step":0,"test/precision":0.7152974504249292,"cv/accuracy_std":0.03184913416309422,"cv/roc_auc_mean":0.7029415037800895,"params/n_estimators":400,"params/subsample":0.9330880728874675,"params/tree_method":"hist","params/scale_pos_weight":0.5171418260555756,"_timestamp":1.7667789873008869e+09}