{"data": [{"dimensions": [{"label": "Objective Value", "range": [0.619487301049124, 0.6789840857876672], "values": [0.63466133201018, 0.6700250870979246, 0.619487301049124, 0.653219011841845, 0.6453387191572623, 0.6719163052237385, 0.6358483104963898, 0.6300723350541535, 0.6305093889482629, 0.6606184206365184, 0.6770665858834093, 0.6653000905548667, 0.6789840857876672, 0.6583744593267793, 0.6774166198527494, 0.6656755935764569, 0.6671442644791917, 0.6631459914362774, 0.6576563104727496, 0.6745499018650912, 0.6597641054585462, 0.6706357146978768, 0.6739700011848045, 0.6686697429670674, 0.6769920413530844, 0.6726804109998012, 0.6596334104405017, 0.650540939710952, 0.6555168720713078, 0.6441700141934747, 0.6315937963299663, 0.6761705289391876, 0.6685107737407472, 0.678687104796438, 0.6742541714103891, 0.6626076875967122, 0.6599134666144458, 0.666218516148724, 0.6531007486833815, 0.6677358468893067, 0.6734100531480979, 0.6722502007246174, 0.671346094952366, 0.6716289250880598, 0.6509817700032263, 0.6224790636536189, 0.6687165554336045, 0.6731136009026515, 0.6719880634361871, 0.6267673290141157]}, {"label": "colsample_bylevel", "range": [0.5013339806386407, 0.9719329010154774], "values": [0.8540362888980227, 0.8059264473611898, 0.5852620618436457, 0.5171942605576092, 0.9474136752138245, 0.6404672548436904, 0.8645035840204937, 0.864803089169032, 0.7137705091792748, 0.6143990827458112, 0.6898021217101117, 0.6975678647056335, 0.6428702856951958, 0.7634151490411866, 0.6711835861565358, 0.5403929363481408, 0.6531685089635558, 0.5702613717175233, 0.7598601446644982, 0.9719329010154774, 0.6584837861711759, 0.7053762992108367, 0.6846250346185514, 0.6090624429452108, 0.7549810311489962, 0.7960421856744098, 0.727749618291188, 0.6647349103636333, 0.5594223514601474, 0.6216502941278572, 0.5013339806386407, 0.801405113535539, 0.7410821764955808, 0.7767612600060579, 0.8228892638321768, 0.8314539707504367, 0.6771755177450597, 0.7776520496108594, 0.9000460190687761, 0.6346772359704326, 0.5930967106774184, 0.7379387363498277, 0.7237990626705788, 0.7796675142205439, 0.8936455843851314, 0.7049523736629008, 0.6892893602164135, 0.6453337182708981, 0.8322591668281554, 0.7687685303598055]}, {"label": "colsample_bynode", "range": [0.5036671101189055, 0.9869738795084972], "values": [0.5102922471479012, 0.569746930326021, 0.5325257964926398, 0.954660201039391, 0.7989499894055425, 0.7713480415791243, 0.8856351733429728, 0.8187787356776066, 0.5127095633720475, 0.5384899549143964, 0.640380477119852, 0.6728468726241332, 0.7094309227401306, 0.6670848953710113, 0.6734181322339874, 0.7159884443781749, 0.6066646968550314, 0.727495875594921, 0.8583595382004592, 0.7000865495368749, 0.6096885654908001, 0.6279527528682844, 0.6412568987644841, 0.7558806360439636, 0.5765376701316818, 0.6842110566159625, 0.7291238146027365, 0.6491225946823016, 0.7802984910647797, 0.5834520981988157, 0.8444534753374335, 0.5755425818986776, 0.5557209670878118, 0.6024787824775013, 0.6171943108993047, 0.6574370945943947, 0.9869738795084972, 0.6967426013538802, 0.7529568756950801, 0.5889269075976524, 0.5036671101189055, 0.546957426256876, 0.6392422964997942, 0.5951196596335983, 0.6622078147525479, 0.5620988995243731, 0.7117811862603447, 0.5334316263328824, 0.6736423030669157, 0.6283197346074098]}, {"label": "colsample_bytree", "range": [0.5012666419747289, 0.9966193431932525], "values": [0.8005575058716043, 0.645614570099021, 0.8037724259507192, 0.7475884550556351, 0.9697494707820946, 0.6783766633467947, 0.8534286719238086, 0.6625916610133735, 0.7613664146909971, 0.8777755692715243, 0.5321087674285265, 0.5024165722148878, 0.5012666419747289, 0.5099011103826658, 0.5707921208261756, 0.5879992435440821, 0.5827408557290534, 0.5898762339592619, 0.5629622714011496, 0.6259986514246753, 0.7162508249577253, 0.5321710617418526, 0.5460101277993695, 0.6177571360820623, 0.5026471790148406, 0.5620985429627432, 0.5404895947262677, 0.6913296714886142, 0.6022405622514322, 0.9966193431932525, 0.6304717229093203, 0.5044453511949806, 0.5291188245864351, 0.564286035042707, 0.5712225060470894, 0.6482809741344753, 0.5436206632571072, 0.6143699085181724, 0.8385450108586396, 0.7027749255741071, 0.766650811441008, 0.5132582573564883, 0.5592311243891408, 0.5232786344676958, 0.9161122131409621, 0.5018544068780645, 0.6559062373342861, 0.5869387269058705, 0.544983548109198, 0.5231683028380587]}, {"label": "gamma", "range": [-3.9341673077011086, -0.13864821573817893], "ticktext": ["0.000116", "0.001", "0.01", "0.1", "0.727"], "tickvals": [-3.9341673077011086, -3, -2, -1, -0.13864821573817893], "values": [-3.375925438230254, -3.2663819605862647, -3.2013048713665606, -3.6093115439744636, -1.8131588826268812, -2.698678676946942, -0.9110209228133701, -1.506807492689768, -0.9568598055324101, -1.9657172353411887, -2.6735299422096945, -2.7268549995007674, -2.5648052582901495, -0.13864821573817893, -2.577342052533863, -2.295111312074371, -3.8547807470715263, -2.3681973814445785, -1.4039249050607059, -3.0765610662607807, -2.2903470951358633, -2.6802221345790596, -2.777537315093602, -2.347763283821614, -2.8991991511646225, -2.018609350971538, -1.591482580490126, -3.5474306603995354, -3.9341673077011086, -2.526264934337597, -2.9356842329035437, -2.967314001532114, -3.3913272501446796, -3.2117490149967907, -3.297012890746995, -2.0669024361608996, -3.109711647877018, -3.630437130129135, -2.5328045973939064, -3.399704909258144, -2.535758152641493, -2.8470739813017336, -3.1721567721347492, -1.7940445223413004, -2.9086900356048018, -2.153645382417251, -2.569298228538747, -3.0278784628336943, -3.638836363636106, -0.3197920085677473]}, {"label": "learning_rate", "range": [-2.9980274193356755, -0.5553613933416826], "ticktext": ["0.001", "0.01", "0.1", "0.278"], "tickvals": [-2.9980274193356755, -2, -1, -0.5553613933416826], "values": [-1.5170503444772654, -2.5495975090925853, -1.055023937338421, -2.2454347579003744, -1.7117284508404493, -2.887966521346359, -0.5553613933416826, -0.8619881587422107, -1.233206177751916, -2.2213021177275794, -2.9555062561398997, -2.9574383732867084, -2.91680369057025, -2.431292303764772, -2.674881009508321, -2.5779758040704426, -1.9911429751653493, -2.6899130822895647, -2.0422727584654163, -2.7018586012201995, -2.3821222072035093, -2.9879123654569093, -2.835345460152056, -2.7296695983862125, -2.9980274193356755, -2.552763535275288, -1.9774871634883806, -2.3096965875727404, -2.797536478483805, -1.7108682465033442, -1.430825136177519, -2.985965290248749, -2.5997786530041447, -2.816354916846677, -2.797236528856861, -2.4032389487838857, -2.1470939505853366, -2.513498863963669, -2.6632731399863117, -2.8616523207673095, -2.8496332691519215, -2.975651825754571, -2.724848615361831, -2.8943476434138518, -2.499657901446563, -0.572730025375753, -2.90603221365746, -2.7706945202665128, -2.6529968140385725, -0.9843263739590615]}, {"label": "max_depth", "range": [3, 10], "values": [5, 10, 5, 10, 5, 10, 4, 3, 10, 3, 8, 8, 8, 8, 8, 7, 7, 9, 6, 9, 6, 8, 9, 7, 8, 9, 8, 7, 6, 9, 8, 8, 7, 8, 9, 7, 6, 8, 10, 9, 4, 8, 8, 7, 8, 9, 10, 7, 8, 8]}, {"label": "min_child_weight", "range": [1, 10], "values": [10, 9, 4, 10, 7, 1, 9, 4, 5, 1, 1, 1, 3, 3, 3, 3, 6, 3, 2, 5, 6, 2, 2, 4, 2, 3, 1, 4, 2, 7, 3, 2, 1, 2, 3, 5, 1, 4, 2, 9, 1, 2, 2, 3, 4, 1, 3, 2, 1, 4]}, {"label": "n_estimators", "range": [100, 500], "values": [400, 150, 300, 450, 200, 150, 100, 150, 150, 350, 250, 250, 250, 300, 250, 500, 250, 350, 350, 200, 200, 250, 300, 250, 300, 200, 250, 400, 100, 300, 400, 300, 350, 250, 200, 250, 200, 250, 150, 300, 200, 250, 300, 350, 250, 300, 150, 300, 250, 500]}, {"label": "reg_alpha", "range": [-3.938720411032414, 0.9461876026969351], "ticktext": ["0.000115", "0.001", "0.01", "0.1", "1", "8.83"], "tickvals": [-3.938720411032414, -3, -2, -1, 0, 0.9461876026969351],