{"cv/precision_mean":0.4098415036843252,"params/n_jobs":-1,"optuna/edf":{"path":"media/plotly/optuna/edf_14_77014a7f809901955895.plotly.json","_type":"plotly-file","sha256":"77014a7f809901955895f6c1d0b335df38e309a2cc8b58d644beaca79d883acf","size":9728},"params/reg_lambda":4.309069519605145,"_wandb":{"runtime":165},"complete_trials":108,"failed_trials":2,"best_value":0.527147655812574,"optuna/slice":{"path":"media/plotly/optuna/slice_13_b54ba025a9617f143741.plotly.json","_type":"plotly-file","sha256":"b54ba025a9617f1437417401239eb4758da0795879e501c9cd03662c80d4f124","size":63150},"optuna/optimization_history":{"_type":"plotly-file","sha256":"ae66357b5a3be2b5baa72e5a06928b5fb7dd033bbbc314281ec4e98588872010","size":12942,"path":"media/plotly/optuna/optimization_history_10_ae66357b5a3be2b5baa7.plotly.json"},"params/scale_pos_weight":2.337243401759531,"training_time_seconds":16.80713939666748,"_step":15,"total_trials":112,"params/colsample_bynode":0.6990940141917665,"best_trial_number":79,"params/max_depth":4,"params/colsample_bytree":0.992056771886543,"cv/recall_mean":0.6559449066755496,"cv/precision_std":0.08510752146967494,"params/reg_alpha":0.00021842798851469673,"confusion_matrix_6.0pct":{"sha256":"b3a1409f24de6d01ac0d03260ee1e46f2c7c7a1c415abfebeec11251512ef140","size":183399,"path":"media/images/confusion_matrix_6.0pct_15_b3a1409f24de6d01ac0d.png","format":"png","width":2903,"height":2092,"_type":"image-file"},"params/subsample":0.5782104927143051,"trial_number":111,"params/n_estimators":200,"cv/recall_std":0.05008769858144876,"params/gamma":0.11207090437966198,"test/accuracy":0.5491803278688525,"test/f1_score":0.5801526717557252,"optuna/param_importances":{"sha256":"eed1edb003d13871ef431936659782a364daf6830c6789a980706fb862ea5239","size":8875,"path":"media/plotly/optuna/param_importances_11_eed1edb003d13871ef43.plotly.json","_type":"plotly-file"},"cv/accuracy_std":0.0682151674978317,"params/tree_method":"hist","test/precision":0.4382207578253707,"cv/roc_auc_std":0.0663679194268696,"optuna/parallel_coordinate":{"path":"media/plotly/optuna/parallel_coordinate_12_5cc7be09473fd2940238.plotly.json","_type":"plotly-file","sha256":"5cc7be09473fd294023871284e4446587c95c8c3d09b67e6e23ab31a3d3a29b2","size":32317},"cv/accuracy_mean":0.6066783831282953,"cv/f1_score_mean":0.5011910334329621,"test/roc_auc":0.6520101992409867,"params/colsample_bylevel":0.9041943504883274,"_runtime":165,"pruned_trials":0,"best_params":{"subsample":0.8494944506854556,"colsample_bynode":0.8728491099456845,"learning_rate":0.00764431432442571,"reg_alpha":0.0024489593532229866,"reg_lambda":0.04203190514714885,"colsample_bytree":0.9883786483621786,"colsample_bylevel":0.9462016050835669,"max_depth":3,"min_child_weight":8,"n_estimators":200,"gamma":0.030797532502140526},"cv/f1_score_std":0.07462224982629288,"params/min_child_weight":7,"params/learning_rate":0.008923828664929145,"test/recall":0.8580645161290322,"cv/roc_auc_mean":0.6715497850966772,"_timestamp":1.7667935254166932e+09}