{"cv/accuracy_std":0.11182035314276433,"params/n_estimators":250,"params/subsample":0.671351838911739,"params/reg_lambda":0.00024063387450737702,"total_trials":66,"test/f1_score":0.4387755102040816,"cv/f1_score_mean":0.3961605371026485,"params/tree_method":"hist","cv/accuracy_mean":0.3912126537785589,"cv/precision_std":0.06033413460422231,"confusion_matrix_2.5pct":{"path":"media/images/confusion_matrix_2.5pct_10_cdef7de720dc99d55b24.png","format":"png","width":2903,"height":2092,"_type":"image-file","sha256":"cdef7de720dc99d55b24a9fe8603e4b16b1196f82002bce88b11e491467e87b9","size":181451},"cv/recall_mean":0.8832286823003969,"optuna/slice":{"sha256":"3cb8f7af19fc7246b942762fed34701668c51a907413f972f82f476ac04bbf8e","size":44256,"path":"media/plotly/optuna/slice_8_3cb8f7af19fc7246b942.plotly.json","_type":"plotly-file"},"optuna/parallel_coordinate":{"sha256":"451ae9c2fd54f44fcc0bfcef9928d0c9d78a84c7ad85c1a3dd931888650173ef","size":23129,"path":"media/plotly/optuna/parallel_coordinate_7_451ae9c2fd54f44fcc0b.plotly.json","_type":"plotly-file"},"best_params":{"max_depth":9,"n_estimators":200,"learning_rate":0.0010049531890236852,"reg_lambda":0.00016600692618146806,"subsample":0.6686238543417753,"colsample_bytree":0.550157146343043,"min_child_weight":5,"gamma":0.00013033593124390152,"reg_alpha":0.19814109592104057,"colsample_bylevel":0.5943898238059842,"colsample_bynode":0.8721157456125618},"cv/roc_auc_std":0.038954954189480216,"training_time_seconds":25.483378171920776,"trial_number":65,"params/colsample_bylevel":0.6637664752081596,"pruned_trials":0,"cv/precision_mean":0.2586051305490392,"params/colsample_bytree":0.5826173691370612,"cv/f1_score_std":0.07528201215857189,"best_value":0.7158132694836535,"test/precision":0.3076923076923077,"_step":10,"params/colsample_bynode":0.8707699547145492,"complete_trials":65,"_runtime":125,"_wandb":{"runtime":125},"params/scale_pos_weight":3.0450236966824646,"params/min_child_weight":4,"best_trial_number":59,"optuna/edf":{"path":"media/plotly/optuna/edf_9_e8d807abd2d4cdc6a709.plotly.json","_type":"plotly-file","sha256":"e8d807abd2d4cdc6a7094fc4527d3b7afcaf67beb13e8907fade5053e7b081ea","size":9728},"test/accuracy":0.4847775175644028,"_timestamp":1.7668549783471413e+09,"failed_trials":1,"params/gamma":0.00014249488077578099,"test/recall":0.7644444444444445,"params/max_depth":8,"cv/roc_auc_mean":0.6192311971372391,"optuna/optimization_history":{"sha256":"6f3e5fd5e3558cb29f658e45800a738f43fa8d019b9a8fabf114182032ee882c","size":10826,"path":"media/plotly/optuna/optimization_history_5_6f3e5fd5e3558cb29f65.plotly.json","_type":"plotly-file"},"test/roc_auc":0.6115845257021728,"params/reg_alpha":0.5393445582572863,"params/learning_rate":0.0012477272089541733,"params/n_jobs":-1,"optuna/param_importances":{"sha256":"15fd9c41dcfed4ef1dc514956deafb0713cc06dfdfdc9801846bd3c89649a31e","size":8875,"path":"media/plotly/optuna/param_importances_6_15fd9c41dcfed4ef1dc5.plotly.json","_type":"plotly-file"},"cv/recall_std":0.0956705867092282}