{"pruned_trials":0,"cv/roc_auc_mean":0.6753414268328616,"total_trials":61,"confusion_matrix_2.5pct":{"width":2903,"height":2092,"_type":"image-file","sha256":"21cc32b316bd4aa4bc04b13605395f3a38ea68c36f6a3bb6a93f5ecc98ea79ea","size":186699,"path":"media/images/confusion_matrix_2.5pct_15_21cc32b316bd4aa4bc04.png","format":"png"},"params/learning_rate":0.0011837432393279012,"cv/roc_auc_std":0.04734643663517423,"_runtime":233,"params/reg_lambda":0.0003425682751417504,"params/n_estimators":200,"params/tree_method":"hist","params/colsample_bynode":0.8671874929005127,"params/n_jobs":-1,"cv/accuracy_mean":0.6038664323374341,"params/gamma":0.00010015212675320927,"cv/f1_score_std":0.04429749824329354,"params/max_depth":9,"best_trial_number":59,"optuna/optimization_history":{"sha256":"9d5e68bc2b047a86caa5ec782f4087183c677f7d4e59a7e60975f7d34b7a7b49","size":10583,"path":"media/plotly/optuna/optimization_history_10_9d5e68bc2b047a86caa5.plotly.json","_type":"plotly-file"},"params/min_child_weight":4,"cv/precision_mean":0.5874279481304635,"params/scale_pos_weight":0.8237179487179487,"optuna/parallel_coordinate":{"_type":"plotly-file","sha256":"8d491cc17303856bba7f9b8f11f1107691ec8b9937b82dfb592ab422acf37a71","size":22053,"path":"media/plotly/optuna/parallel_coordinate_12_8d491cc17303856bba7f.plotly.json"},"_step":15,"cv/f1_score_mean":0.7092709041576406,"_timestamp":1.7667928349103684e+09,"trial_number":60,"failed_trials":1,"training_time_seconds":16.014342069625854,"cv/accuracy_std":0.05696586538149429,"cv/precision_std":0.042422171813063916,"test/precision":0.680365296803653,"params/colsample_bytree":0.5476439283310496,"test/roc_auc":0.6899123082277361,"_wandb":{"runtime":233},"test/accuracy":0.6791569086651054,"params/colsample_bylevel":0.5942572915365154,"optuna/param_importances":{"_type":"plotly-file","sha256":"d0e593e51e09d5b1f37fe266b5d778a93b8fe6834f761f6c2b56b6a36a9c0738","size":8885,"path":"media/plotly/optuna/param_importances_11_d0e593e51e09d5b1f37f.plotly.json"},"cv/recall_std":0.09300951638868807,"cv/recall_mean":0.9037695314599837,"best_value":0.7158132694836535,"best_params":{"colsample_bytree":0.550157146343043,"colsample_bynode":0.8721157456125618,"min_child_weight":5,"n_estimators":200,"learning_rate":0.0010049531890236852,"gamma":0.00013033593124390152,"reg_lambda":0.00016600692618146806,"subsample":0.6686238543417753,"colsample_bylevel":0.5943898238059842,"max_depth":9,"reg_alpha":0.19814109592104057},"test/recall":0.8747553816046967,"optuna/edf":{"path":"media/plotly/optuna/edf_14_b99157952f61814c0a6e.plotly.json","_type":"plotly-file","sha256":"b99157952f61814c0a6e3a04e516dccefdded94795412c2dccca5078d91d5e95","size":9728},"optuna/slice":{"path":"media/plotly/optuna/slice_13_a668fa4422df0fcb7ac6.plotly.json","_type":"plotly-file","sha256":"a668fa4422df0fcb7ac6d8dcb489d5529626acc500d11cc609f324bac932c580","size":41997},"complete_trials":60,"params/reg_alpha":0.4967052427577851,"params/subsample":0.6908247057989068,"test/f1_score":0.7654109589041096}