{"_step":15,"params/tree_method":"hist","params/min_child_weight":6,"test/roc_auc":0.6762543731455648,"trial_number":60,"cv/precision_std":0.06034655952528408,"failed_trials":1,"params/subsample":0.8334533318597807,"cv/recall_std":0.06664101393932494,"best_trial_number":12,"cv/roc_auc_mean":0.6639470923017612,"total_trials":61,"params/scale_pos_weight":0.9929947460595446,"params/colsample_bytree":0.7349074171376352,"params/n_jobs":-1,"params/reg_lambda":0.00010391394068606114,"optuna/parallel_coordinate":{"size":22067,"path":"media/plotly/optuna/parallel_coordinate_12_a905cdabc5ef01207f60.plotly.json","_type":"plotly-file","sha256":"a905cdabc5ef01207f6078ca46c9784d775b6804a8bcc23663d193d8451388b6"},"_timestamp":1.7667930052558594e+09,"params/gamma":0.0025899604565397132,"params/reg_alpha":2.563519465196811,"params/max_depth":6,"best_value":0.6789840857876672,"cv/roc_auc_std":0.05671114665654836,"optuna/slice":{"path":"media/plotly/optuna/slice_13_61a43d3495341a53ed18.plotly.json","_type":"plotly-file","sha256":"61a43d3495341a53ed1865d59f3030bf9b8bdf4ad842e35a0dc46ce4e5b14307","size":41914},"cv/f1_score_std":0.05140695554953241,"params/colsample_bylevel":0.852941437832127,"test/recall":0.8867521367521367,"params/n_estimators":450,"test/f1_score":0.7358156028368794,"cv/accuracy_mean":0.6203866432337434,"confusion_matrix_3.0pct":{"sha256":"3d4916e25fa92b001b942873f37e0753eda36247f918d8da52a105dcb724d878","size":186962,"path":"media/images/confusion_matrix_3.0pct_15_3d4916e25fa92b001b94.png","format":"png","width":2903,"height":2092,"_type":"image-file"},"_runtime":168,"_wandb":{"runtime":168},"test/accuracy":0.6510538641686182,"complete_trials":60,"params/colsample_bynode":0.7850530784766934,"best_params":{"colsample_bylevel":0.6428702856951958,"n_estimators":250,"gamma":0.002723922466592719,"reg_alpha":0.3629852778670354,"reg_lambda":0.002392595684145997,"colsample_bynode":0.7094309227401306,"max_depth":8,"min_child_weight":3,"learning_rate":0.0012111454708039896,"subsample":0.8336228052393174,"colsample_bytree":0.5012666419747289},"optuna/param_importances":{"_type":"plotly-file","sha256":"0cd1e358a45e2f597ac5d48c9c7f23adf0fb8b35f06873104c76029bdb2f49fd","size":8882,"path":"media/plotly/optuna/param_importances_11_0cd1e358a45e2f597ac5.plotly.json"},"cv/f1_score_mean":0.6576560916535861,"optuna/edf":{"size":9728,"path":"media/plotly/optuna/edf_14_b9293e2c255f8f4a9a58.plotly.json","_type":"plotly-file","sha256":"b9293e2c255f8f4a9a58f25a3487da0bf635ed4fcdd5fd56eba39789d727c2b5"},"training_time_seconds":14.586071491241455,"cv/recall_mean":0.7438956469917911,"optuna/optimization_history":{"sha256":"14e952d53bd950a49588ea04cd4ef32c1450a2f723130cde17c913f51720f4cb","size":10578,"path":"media/plotly/optuna/optimization_history_10_14e952d53bd950a49588.plotly.json","_type":"plotly-file"},"cv/accuracy_std":0.04682921825825737,"cv/precision_mean":0.5927810340307044,"pruned_trials":0,"test/precision":0.6287878787878788,"params/learning_rate":0.002582592401749568}