{"confusion_matrix_7.0pct":{"path":"media/images/confusion_matrix_7.0pct_15_2c35fd9c837c9aaf7da7.png","format":"png","width":2903,"height":2092,"_type":"image-file","sha256":"2c35fd9c837c9aaf7da76492010fb868ba4b2c81c0cb0765f776efe7a70e4fbc","size":182506},"_runtime":205,"params/reg_alpha":0.016091899960660207,"optuna/slice":{"path":"media/plotly/optuna/slice_13_918a06fbf08035db556a.plotly.json","_type":"plotly-file","sha256":"918a06fbf08035db556abd8d4bda1bb4329fcfd0fef0a7cffd38616894398ad6","size":42216},"test/roc_auc":0.6367734705313026,"params/n_jobs":-1,"failed_trials":1,"optuna/optimization_history":{"sha256":"7c8f4df7e02b4f58e2a3f647c613e55f50e5ec4f064e7a52d434fd935b752205","size":10662,"path":"media/plotly/optuna/optimization_history_10_7c8f4df7e02b4f58e2a3.plotly.json","_type":"plotly-file"},"cv/recall_mean":0.5696189055506599,"params/gamma":0.01225373226994696,"test/recall":0.8097014925373134,"best_params":{"n_estimators":400,"learning_rate":0.003315349595201597,"gamma":0.02735036904275585,"subsample":0.8021921685790447,"colsample_bytree":0.999689574241141,"max_depth":5,"reg_alpha":0.4315811243172703,"reg_lambda":0.02587965475940887,"colsample_bylevel":0.5555945827608246,"colsample_bynode":0.8915815507091044,"min_child_weight":8},"pruned_trials":0,"params/colsample_bynode":0.5680443672128028,"trial_number":60,"params/scale_pos_weight":2.9286536248561563,"params/min_child_weight":2,"params/subsample":0.7951740070570967,"optuna/parallel_coordinate":{"_type":"plotly-file","sha256":"9359e54d143becf292298df503a0a2e471246e935ce29a81484b3f173477a782","size":22161,"path":"media/plotly/optuna/parallel_coordinate_12_9359e54d143becf29229.plotly.json"},"_step":15,"params/n_estimators":350,"_wandb":{"runtime":205},"cv/accuracy_mean":0.6748681898066783,"params/learning_rate":0.011885550681941356,"optuna/edf":{"size":9728,"path":"media/plotly/optuna/edf_14_29874006477bfe5c63b7.plotly.json","_type":"plotly-file","sha256":"29874006477bfe5c63b7971c0223e937cfb51e4b966df2d3ad68a7529b8422af"},"cv/f1_score_std":0.09677385339271674,"best_value":0.49240005098782935,"cv/f1_score_mean":0.4668070893029716,"test/accuracy":0.5538641686182669,"complete_trials":60,"_timestamp":1.7667937330094144e+09,"total_trials":61,"cv/roc_auc_mean":0.6883343053913689,"params/colsample_bytree":0.7872034589876599,"test/precision":0.396709323583181,"cv/precision_std":0.09323099819623873,"params/colsample_bylevel":0.7124833434853945,"cv/roc_auc_std":0.0746226513325184,"test/f1_score":0.5325153374233129,"training_time_seconds":17.486297607421875,"params/max_depth":4,"cv/accuracy_std":0.05496132081234407,"params/tree_method":"hist","params/reg_lambda":0.020760293231274648,"cv/recall_std":0.12136140667739823,"cv/precision_mean":0.4020602890679682,"best_trial_number":43,"optuna/param_importances":{"sha256":"f012be00a57d3366e966fa2623373cb1ce66dceb8e09d64e548e90423b57a525","size":8874,"path":"media/plotly/optuna/param_importances_11_f012be00a57d3366e966.plotly.json","_type":"plotly-file"}}