{"params/colsample_bytree":0.9675041142263194,"optuna/parallel_coordinate":{"path":"media/plotly/optuna/parallel_coordinate_52_123e413acb71fc530de4.plotly.json","_type":"plotly-file","sha256":"123e413acb71fc530de44556cbf8182733bb6770d3cca56779c0deecc48ae030","size":19910},"_wandb":{"runtime":1575},"cv/roc_auc_mean":0.6649856048200874,"optuna/edf":{"size":9728,"path":"media/plotly/optuna/edf_54_3a493d5f5137675e5bfd.plotly.json","_type":"plotly-file","sha256":"3a493d5f5137675e5bfd750d8d828c5fb540110fa642363677a6b7213ad34e99"},"params/min_child_weight":1,"_timestamp":1.7667845788846705e+09,"pruned_trials":0,"_step":54,"params/n_estimators":400,"optuna/slice":{"size":37542,"path":"media/plotly/optuna/slice_53_8d29903656579f134c60.plotly.json","_type":"plotly-file","sha256":"8d29903656579f134c60978d35de54b9ac84bc6aa6e453c2a304f8585bc1170a"},"cv/f1_score_mean":0.5630608614016578,"params/reg_lambda":0.00010381852093603614,"complete_trials":50,"optuna/param_importances":{"sha256":"940102e4a56be1eb23f82e541a71bd7f30eb3fd8f15f57d8b48800df57a7f025","size":8869,"path":"media/plotly/optuna/param_importances_51_940102e4a56be1eb23f8.plotly.json","_type":"plotly-file"},"params/learning_rate":0.0014066910949195636,"test/f1_score":0.579324462640737,"best_trial_number":47,"params/subsample":0.7349037400535358,"cv/recall_mean":0.7538390133207494,"test/precision":0.4456692913385827,"_runtime":1575,"cv/recall_std":0.08166960331930605,"failed_trials":0,"params/gamma":0.14138716789672623,"optuna/optimization_history":{"path":"media/plotly/optuna/optimization_history_50_e5279cf9771e22512876.plotly.json","_type":"plotly-file","sha256":"e5279cf9771e2251287666b18d0fb4b1560a39b2938026ef2766e81e85dd2eb9","size":10084},"cv/f1_score_std":0.05163047133319224,"cv/precision_std":0.04587401534377407,"params/n_jobs":-1,"params/colsample_bylevel":0.96329193953601,"params/reg_alpha":0.03749893389945894,"params/tree_method":"hist","best_value":0.5712239756272335,"cv/precision_mean":0.4511669846570273,"trial_number":49,"params/colsample_bynode":0.796001794725416,"training_time_seconds":18.407745361328125,"total_trials":50,"test/accuracy":0.6093155893536122,"cv/roc_auc_std":0.03188165382093438,"params/scale_pos_weight":1.7531106745252127,"test/roc_auc":0.7107754715427066,"test/recall":0.827485380116959,"params/max_depth":3,"cv/accuracy_mean":0.5834285714285714,"cv/accuracy_std":0.025818835080188226,"best_params":{"max_depth":3,"min_child_weight":1,"n_estimators":400,"gamma":0.10390108216052565,"reg_lambda":0.00013308072694660997,"colsample_bylevel":0.990721945159727,"colsample_bynode":0.7987349030317195,"learning_rate":0.0014676204320547457,"reg_alpha":2.7533035910754315,"subsample":0.7379412754479283,"colsample_bytree":0.9608449275774049}}