{"test/roc_auc":0.6329043268865472,"optuna/param_importances":{"path":"media/plotly/optuna/param_importances_6_b2567d12d81859aaaae5.plotly.json","_type":"plotly-file","sha256":"b2567d12d81859aaaae5cf9ec8f17f4d7ef49a0a22761c15124fb0aac8311eca","size":8874},"optuna/edf":{"sha256":"4f3a0ef7b894d864d257d7574fac3f931d9a007f13c1cfba576b0be122404d4d","size":9728,"path":"media/plotly/optuna/edf_9_4f3a0ef7b894d864d257.plotly.json","_type":"plotly-file"},"params/n_estimators":100,"optuna/parallel_coordinate":{"sha256":"8d591e6074e43a3722a4557143b609f6b8cf67d6fc83de3644d1af63b2884339","size":30980,"path":"media/plotly/optuna/parallel_coordinate_7_8d591e6074e43a3722a4.plotly.json","_type":"plotly-file"},"test/precision":0.43525741029641185,"test/f1_score":0.58004158004158,"failed_trials":3,"cv/f1_score_std":0.07287501525339912,"confusion_matrix_1.5pct":{"format":"png","width":2903,"height":2095,"_type":"image-file","sha256":"c6f269efe82907b27febed38e176cb6c1096031b99d61699c9502dfc0a8d4b69","size":182959,"path":"media/images/confusion_matrix_1.5pct_10_c6f269efe82907b27feb.png"},"best_params":{"max_depth":9,"n_estimators":100,"reg_lambda":0.001098875600947436,"subsample":0.9988223383721228,"colsample_bytree":0.7305883229614227,"colsample_bylevel":0.6065492701048893,"colsample_bynode":0.5688817715685446,"min_child_weight":1,"learning_rate":0.0013235910549774278,"gamma":0.0001709788447166313,"reg_alpha":0.007593927940854749},"best_value":0.7972642330244047,"cv/roc_auc_mean":0.6251043056388172,"cv/accuracy_mean":0.38664323374340953,"test/accuracy":0.5269320843091335,"params/colsample_bynode":0.5089681854972343,"params/subsample":0.9703854683553649,"total_trials":105,"params/scale_pos_weight":1.6362934362934363,"cv/accuracy_std":0.05990882442551604,"pruned_trials":0,"optuna/slice":{"_type":"plotly-file","sha256":"3b6fd4ee7b62d3ad02ee258c0b2dcdb999f0fed867cec643d9627538cde15cea","size":60718,"path":"media/plotly/optuna/slice_8_3b6fd4ee7b62d3ad02ee.plotly.json"},"test/recall":0.8691588785046729,"params/gamma":0.00014936729725936802,"complete_trials":102,"cv/roc_auc_std":0.04494589833612047,"_runtime":106,"params/colsample_bytree":0.8437876779698052,"_step":10,"params/min_child_weight":3,"params/colsample_bylevel":0.5420596937164589,"params/reg_lambda":0.0017777242246611194,"_timestamp":1.7668545673610706e+09,"cv/precision_std":0.06885544449303821,"optuna/optimization_history":{"sha256":"8a9f3afde33c8624ff00de53887cf1a68cfc4613f6c29ffd184333d5688d9a4f","size":12649,"path":"media/plotly/optuna/optimization_history_5_8a9f3afde33c8624ff00.plotly.json","_type":"plotly-file"},"_wandb":{"runtime":106},"trial_number":104,"params/n_jobs":-1,"params/max_depth":9,"params/learning_rate":0.0011578788794812623,"cv/precision_mean":0.37112813733687067,"best_trial_number":55,"cv/recall_std":0.0051851836392374515,"params/reg_alpha":0.005659621567197461,"cv/recall_mean":0.9964324324324323,"params/tree_method":"hist","cv/f1_score_mean":0.5373104755976984,"training_time_seconds":20.9517080783844}