{"params/reg_alpha":0.03131947126496338,"params/subsample":0.9705390218102493,"params/scale_pos_weight":6.1572327044025155,"cv/accuracy_mean":0.7469244288224954,"params/tree_method":"hist","confusion_matrix_4.0pct":{"format":"png","width":2903,"height":2092,"_type":"image-file","sha256":"3c4f97b6005a147580cd8b64625c25facdc66f174a1d265ea4fa0da99f95c271","size":177504,"path":"media/images/confusion_matrix_4.0pct_10_3c4f97b6005a147580cd.png"},"training_time_seconds":41.39295768737793,"cv/roc_auc_std":0.0438244738665459,"cv/f1_score_mean":0.24353182633285492,"test/recall":0.6,"params/n_jobs":-1,"params/max_depth":3,"complete_trials":65,"best_params":{"learning_rate":0.006468947755538846,"reg_lambda":0.0015288031341134183,"subsample":0.9600020900668238,"colsample_bynode":0.8666963956631963,"gamma":0.14277714525799645,"reg_alpha":0.12627384776079859,"colsample_bytree":0.7881018569659317,"colsample_bylevel":0.6313964329180076,"max_depth":3,"min_child_weight":2,"n_estimators":100},"best_trial_number":57,"_step":10,"optuna/param_importances":{"path":"media/plotly/optuna/param_importances_6_a1c243b71bd9de9788cc.plotly.json","_type":"plotly-file","sha256":"a1c243b71bd9de9788cc510d4cf570a2a7abebab4339b60017400bcc4dea3041","size":8861},"optuna/slice":{"size":44146,"path":"media/plotly/optuna/slice_8_b68d1e00e4d6dc24f6c7.plotly.json","_type":"plotly-file","sha256":"b68d1e00e4d6dc24f6c761e9722754cb4cc7692a84e2255d4d2248dc72f44864"},"params/gamma":0.19417896940419402,"cv/accuracy_std":0.046868775538230684,"test/precision":0.19788918205804748,"cv/recall_mean":0.36130585852610475,"params/n_estimators":150,"_wandb":{"runtime":105},"cv/recall_std":0.12917440112853887,"_runtime":105,"cv/precision_mean":0.2052581392550228,"_timestamp":1.7668552522770627e+09,"params/colsample_bylevel":0.6929576794472003,"cv/f1_score_std":0.09402352404824176,"params/learning_rate":0.2517670852736088,"cv/roc_auc_mean":0.6216004687843733,"pruned_trials":0,"params/colsample_bynode":0.7719465878015398,"test/accuracy":0.585480093676815,"params/colsample_bytree":0.7555137476564056,"cv/precision_std":0.11428146193670245,"optuna/edf":{"sha256":"bb6093821bd8b0f9cc83fbfa9c70557e6c36dea8a3de494d5ad24211c7c397e9","size":9728,"path":"media/plotly/optuna/edf_9_bb6093821bd8b0f9cc83.plotly.json","_type":"plotly-file"},"optuna/optimization_history":{"path":"media/plotly/optuna/optimization_history_5_6e3908ddc82ad5b9431a.plotly.json","_type":"plotly-file","sha256":"6e3908ddc82ad5b9431a9626a97eb21299aa7730920bf926e221009654368d17","size":10814},"trial_number":65,"test/f1_score":0.2976190476190476,"failed_trials":1,"best_value":0.616372916031773,"params/min_child_weight":1,"params/reg_lambda":0.00038831796298855874,"optuna/parallel_coordinate":{"size":23126,"path":"media/plotly/optuna/parallel_coordinate_7_7c7e3ba5392b3a2be595.plotly.json","_type":"plotly-file","sha256":"7c7e3ba5392b3a2be595d1a9e9583ae6145b13da2a16604eb1bd683150f01fee"},"test/roc_auc":0.6238353909465021,"total_trials":66}