{"best_value":0.6789840857876672,"_wandb":{"runtime":163},"params/learning_rate":0.0019109002934362643,"cv/accuracy_mean":0.4727592267135325,"complete_trials":65,"confusion_matrix_3.0pct":{"sha256":"54a0149e8de03a9dfb600b98085dec7c11e60781b7d65aaa3034c0595ca2ce2a","size":185117,"path":"media/images/confusion_matrix_3.0pct_10_54a0149e8de03a9dfb60.png","format":"png","width":2903,"height":2104,"_type":"image-file"},"params/colsample_bynode":0.9282977209690371,"optuna/param_importances":{"sha256":"23d27200298c3e43c9747208963b4eb63ba270973e71cdd26cc1e592cb64d2ee","size":8878,"path":"media/plotly/optuna/param_importances_6_23d27200298c3e43c974.plotly.json","_type":"plotly-file"},"cv/f1_score_std":0.08969501652261347,"params/scale_pos_weight":4.035398230088496,"params/colsample_bylevel":0.6295536609803064,"cv/precision_std":0.07953797540504447,"cv/precision_mean":0.22255924474332067,"test/recall":0.7398843930635838,"trial_number":65,"params/min_child_weight":1,"params/max_depth":7,"test/f1_score":0.37591776798825255,"cv/roc_auc_mean":0.615874647650991,"cv/recall_mean":0.712901089547157,"training_time_seconds":16.232927083969116,"failed_trials":1,"_runtime":163,"params/colsample_bytree":0.5006284591377059,"test/precision":0.25196850393700787,"_step":10,"optuna/slice":{"size":44134,"path":"media/plotly/optuna/slice_8_f9a7fd6ea25d545c7e95.plotly.json","_type":"plotly-file","sha256":"f9a7fd6ea25d545c7e95e544c31ace3b2d8a80d8f65561062edb445e1ea1f289"},"optuna/optimization_history":{"sha256":"67ce54b9ab353b43156f6aae3f26536957751bd96a670f275f8f36df710c34bd","size":10818,"path":"media/plotly/optuna/optimization_history_5_67ce54b9ab353b43156f.plotly.json","_type":"plotly-file"},"params/n_estimators":300,"cv/f1_score_mean":0.327290467066404,"total_trials":66,"best_trial_number":12,"best_params":{"min_child_weight":3,"reg_alpha":0.3629852778670354,"colsample_bylevel":0.6428702856951958,"colsample_bynode":0.7094309227401306,"max_depth":8,"n_estimators":250,"learning_rate":0.0012111454708039896,"gamma":0.002723922466592719,"reg_lambda":0.002392595684145997,"subsample":0.8336228052393174,"colsample_bytree":0.5012666419747289},"params/n_jobs":-1,"test/accuracy":0.5023419203747073,"cv/roc_auc_std":0.03552066369512942,"cv/recall_std":0.15899716640265796,"optuna/edf":{"sha256":"29e4422cb1515d0947704c2b788ed93f383c7255f0543fd3b75fbe4b93814c7d","size":9728,"path":"media/plotly/optuna/edf_9_29e4422cb1515d094770.plotly.json","_type":"plotly-file"},"pruned_trials":0,"optuna/parallel_coordinate":{"sha256":"2701effa1394bc6c89062695d0c2b9b61d54bcbdd50d1204dc593fafcf7f3f30","size":23136,"path":"media/plotly/optuna/parallel_coordinate_7_2701effa1394bc6c8906.plotly.json","_type":"plotly-file"},"params/tree_method":"hist","cv/accuracy_std":0.15812926579092745,"params/gamma":0.00032456172067591343,"test/roc_auc":0.6319930737694482,"params/reg_lambda":0.002757697957435966,"_timestamp":1.7668551439849362e+09,"params/reg_alpha":0.24742546938080348,"params/subsample":0.8182651288789216}