{"best_trial_number":12,"params/gamma":0.47885937177413535,"cv/recall_std":0.05871841227588959,"test/recall":0.6806387225548902,"optuna/parallel_coordinate":{"path":"media/plotly/optuna/parallel_coordinate_52_9e29e06ee52d013e27ee.plotly.json","_type":"plotly-file","sha256":"9e29e06ee52d013e27ee37968668710594c4763e773f2b0bc19b67a3a44bae5c","size":19933},"_runtime":1071,"cv/precision_mean":0.6179990090266962,"optuna/slice":{"_type":"plotly-file","sha256":"3c73c6ca418c3feb0801b8b176e1ea775480429d3b50817eb81a4a2290664db9","size":37493,"path":"media/plotly/optuna/slice_53_3c73c6ca418c3feb0801.plotly.json"},"params/colsample_bynode":0.6283197346074098,"cv/precision_std":0.04604222329824954,"test/f1_score":0.6297322253000923,"params/subsample":0.8047071648413947,"_step":54,"params/n_jobs":-1,"optuna/optimization_history":{"size":10075,"path":"media/plotly/optuna/optimization_history_50_cd8012ca7ca475a4f4c2.plotly.json","_type":"plotly-file","sha256":"cd8012ca7ca475a4f4c26426cae3652ea9a47ee84eb165c62a0bb7367798c26e"},"params/max_depth":8,"training_time_seconds":31.753498792648315,"params/colsample_bytree":0.5231683028380587,"_timestamp":1.7667815097604952e+09,"total_trials":50,"complete_trials":50,"failed_trials":0,"cv/accuracy_mean":0.6225714285714286,"best_value":0.6789840857876672,"_wandb":{"runtime":1071},"cv/f1_score_mean":0.6267673290141157,"test/precision":0.5859106529209622,"test/roc_auc":0.6646489235684709,"optuna/edf":{"path":"media/plotly/optuna/edf_54_7f4f51daa52bb36bd3fe.plotly.json","_type":"plotly-file","sha256":"7f4f51daa52bb36bd3fe1ad89b166696de57136d08e26d426709f457bc180e41","size":9728},"params/colsample_bylevel":0.7687685303598055,"cv/f1_score_std":0.044539919649751965,"cv/roc_auc_mean":0.6749568516761649,"params/learning_rate":0.1036749002160407,"trial_number":49,"params/reg_alpha":0.0035805452696883377,"best_params":{"max_depth":8,"min_child_weight":3,"n_estimators":250,"learning_rate":0.0012111454708039896,"reg_alpha":0.3629852778670354,"reg_lambda":0.002392595684145997,"subsample":0.8336228052393174,"colsample_bytree":0.5012666419747289,"gamma":0.002723922466592719,"colsample_bylevel":0.6428702856951958,"colsample_bynode":0.7094309227401306},"cv/recall_mean":0.6387244182737883,"params/min_child_weight":4,"params/n_estimators":500,"params/reg_lambda":0.008151544003664652,"params/tree_method":"hist","cv/accuracy_std":0.015789430719597836,"params/scale_pos_weight":0.9617358842743817,"test/accuracy":0.6188212927756654,"optuna/param_importances":{"path":"media/plotly/optuna/param_importances_51_04fb42658d39a98146bd.plotly.json","_type":"plotly-file","sha256":"04fb42658d39a98146bd18de11d73343ef2e1d5e666e14301831fc1d1a2aab15","size":8880},"cv/roc_auc_std":0.022431230081268433,"pruned_trials":0}