{"params/learning_rate":0.003979184945435013,"_timestamp":1.7667796017145717e+09,"optuna/param_importances":{"_type":"plotly-file","sha256":"a7655e4b944f0da5df783eeefdccaf24aaaab739358a20225704c5f408bc0bcc","size":8890,"path":"media/plotly/optuna/param_importances_51_a7655e4b944f0da5df78.plotly.json"},"failed_trials":1,"params/scale_pos_weight":0.5171418260555756,"best_value":0.7910788088481009,"params/reg_alpha":0.023945427645937722,"params/max_depth":5,"cv/f1_score_std":0.040502145413737506,"params/gamma":0.007298455317368229,"total_trials":52,"_runtime":596,"cv/f1_score_mean":0.7737562605718328,"cv/accuracy_mean":0.6982857142857142,"trial_number":51,"params/colsample_bytree":0.8196347144506353,"pruned_trials":0,"optuna/parallel_coordinate":{"sha256":"084e6611cb6c3f445923934f76ecc7a127034029bc3ede37e4324f163f1a8ce4","size":20147,"path":"media/plotly/optuna/parallel_coordinate_52_084e6611cb6c3f445923.plotly.json","_type":"plotly-file"},"cv/roc_auc_mean":0.708017181238163,"cv/precision_std":0.03343994354270774,"params/subsample":0.8469779736516944,"params/reg_lambda":0.008120995330135973,"optuna/edf":{"path":"media/plotly/optuna/edf_54_ad346ec8ec1ad812315e.plotly.json","_type":"plotly-file","sha256":"ad346ec8ec1ad812315e2237cbd9f3208b9766e4462655bba9b7c53fd36f604e","size":9728},"test/recall":0.7732115677321156,"cv/precision_mean":0.7496096674272904,"training_time_seconds":3.493123769760132,"best_trial_number":29,"params/min_child_weight":3,"optuna/slice":{"path":"media/plotly/optuna/slice_53_12e1cde5e8d148365330.plotly.json","_type":"plotly-file","sha256":"12e1cde5e8d1483653307a1da2abe284d94da2079f13f4254231952c781e7de6","size":38020},"cv/roc_auc_std":0.032566756111839644,"test/roc_auc":0.7122285802362098,"cv/recall_std":0.05924126960939156,"cv/accuracy_std":0.03635875662991613,"params/colsample_bynode":0.7301508317001859,"complete_trials":51,"optuna/optimization_history":{"sha256":"6240651f73a8be153bcd475053c7bde8a06fc78d5a07db893aee464862dfffe2","size":10151,"path":"media/plotly/optuna/optimization_history_50_6240651f73a8be153bcd.plotly.json","_type":"plotly-file"},"test/accuracy":0.6711026615969582,"params/tree_method":"hist","_wandb":{"runtime":596},"best_params":{"learning_rate":0.0016594512513459108,"gamma":0.0001101909723600499,"reg_alpha":0.02990700897598788,"subsample":0.9168737559840091,"colsample_bytree":0.7198415261247826,"colsample_bylevel":0.6906842268132117,"colsample_bynode":0.5924354647849017,"max_depth":9,"min_child_weight":1,"n_estimators":150,"reg_lambda":0.004919971403092369},"cv/recall_mean":0.8009780602602135,"test/precision":0.7205673758865249,"test/f1_score":0.7459618208516887,"params/n_estimators":350,"params/n_jobs":-1,"params/colsample_bylevel":0.5295273997452925,"_step":54}