{
  "threshold": 2.5,
  "study_name": "xgb-2.5pct-study",
  "best_trial_number": 34,
  "best_value": 0.7106408544198553,
  "best_params": {
    "max_depth": 7,
    "min_child_weight": 1,
    "n_estimators": 100,
    "learning_rate": 0.0022100565578871563,
    "gamma": 0.006965489766942084,
    "reg_alpha": 0.060080837752446076,
    "reg_lambda": 0.053744353179595875,
    "subsample": 0.7993894423346701,
    "colsample_bytree": 0.7204895773101947,
    "colsample_bylevel": 0.7259954438825873,
    "colsample_bynode": 0.7437745512999451
  },
  "test_metrics": {
    "accuracy": 0.6330798479087453,
    "precision": 0.6289592760180995,
    "recall": 0.748653500897666,
    "f1_score": 0.6836065573770492,
    "roc_auc": 0.6910940645231489
  },
  "cv_results": {
    "accuracy_mean": 0.5634285714285714,
    "accuracy_std": 0.0559343638671657,
    "precision_mean": 0.5577198817219967,
    "precision_std": 0.05222949831313979,
    "recall_mean": 0.9970807623748801,
    "recall_std": 0.004513979932388261,
    "f1_score_mean": 0.7137979332938167,
    "f1_score_std": 0.04143673179272849,
    "roc_auc_mean": 0.6816580467204885,
    "roc_auc_std": 0.030622802460979252
  },
  "feature_names": [
    "ema_spread_pct",
    "macd_histogram",
    "squeeze_number_today",
    "minutes_since_last_squeeze",
    "window_volume_vs_1min_avg",
    "distance_from_vwap_percent",
    "day_gain",
    "spy_percent_change_concurrent",
    "spread_percent",
    "market_session_encoded",
    "price_category_encoded"
  ],
  "baseline_comparison": {
    "baseline_f1": 0,
    "tuned_f1": 0.6836065573770492,
    "improvement_percent": 0
  },
  "training_info": {
    "n_trials": 50,
    "pruned_trials": 0,
    "timestamp": "2025-12-26T14:21:02.189968",
    "gpu_used": false
  }
}