{
  "threshold": 4.0,
  "study_name": "xgb-4.0pct-study",
  "best_trial_number": 57,
  "best_value": 0.616372916031773,
  "best_params": {
    "max_depth": 3,
    "min_child_weight": 2,
    "n_estimators": 100,
    "learning_rate": 0.006468947755538846,
    "gamma": 0.14277714525799645,
    "reg_alpha": 0.12627384776079859,
    "reg_lambda": 0.0015288031341134183,
    "subsample": 0.9600020900668238,
    "colsample_bytree": 0.7881018569659317,
    "colsample_bylevel": 0.6313964329180076,
    "colsample_bynode": 0.8666963956631963
  },
  "test_metrics": {
    "accuracy": 0.3559718969555035,
    "precision": 0.17357910906298002,
    "recall": 0.904,
    "f1_score": 0.2912371134020619,
    "roc_auc": 0.586002743484225
  },
  "cv_results": {
    "accuracy_mean": 0.8745166959578208,
    "accuracy_std": 0.05944923855693085,
    "precision_mean": 0.0,
    "precision_std": 0.0,
    "recall_mean": 0.0,
    "recall_std": 0.0,
    "f1_score_mean": 0.0,
    "f1_score_std": 0.0,
    "roc_auc_mean": 0.5914064993887915,
    "roc_auc_std": 0.05252177803843045
  },
  "feature_names": [
    "ema_spread_pct",
    "macd_histogram",
    "squeeze_number_today",
    "minutes_since_last_squeeze",
    "window_volume_vs_1min_avg",
    "distance_from_vwap_percent",
    "day_gain",
    "spy_percent_change_concurrent",
    "spread_percent",
    "market_session_encoded",
    "price_category_encoded"
  ],
  "baseline_comparison": {
    "baseline_f1": 0,
    "tuned_f1": 0.2912371134020619,
    "improvement_percent": 0
  },
  "training_info": {
    "n_trials": 66,
    "pruned_trials": 0,
    "timestamp": "2025-12-27T11:07:32.242715",
    "gpu_used": false
  }
}