{
  "threshold": 5.0,
  "study_name": "xgb-5.0pct-study",
  "best_trial_number": 47,
  "best_value": 0.5712239756272335,
  "best_params": {
    "max_depth": 3,
    "min_child_weight": 1,
    "n_estimators": 400,
    "learning_rate": 0.0014676204320547457,
    "gamma": 0.10390108216052565,
    "reg_alpha": 2.7533035910754315,
    "reg_lambda": 0.00013308072694660997,
    "subsample": 0.7379412754479283,
    "colsample_bytree": 0.9608449275774049,
    "colsample_bylevel": 0.990721945159727,
    "colsample_bynode": 0.7987349030317195
  },
  "test_metrics": {
    "accuracy": 0.34660421545667447,
    "precision": 0.12096774193548387,
    "recall": 0.8522727272727273,
    "f1_score": 0.211864406779661,
    "roc_auc": 0.5778097555186328
  },
  "cv_results": {
    "accuracy_mean": 0.9159929701230227,
    "accuracy_std": 0.048135411083394815,
    "precision_mean": 0.0,
    "precision_std": 0.0,
    "recall_mean": 0.0,
    "recall_std": 0.0,
    "f1_score_mean": 0.0,
    "f1_score_std": 0.0,
    "roc_auc_mean": 0.5970278227439603,
    "roc_auc_std": 0.055273441700514785
  },
  "feature_names": [
    "ema_spread_pct",
    "macd_histogram",
    "squeeze_number_today",
    "minutes_since_last_squeeze",
    "window_volume_vs_1min_avg",
    "distance_from_vwap_percent",
    "day_gain",
    "spy_percent_change_concurrent",
    "spread_percent",
    "market_session_encoded",
    "price_category_encoded"
  ],
  "baseline_comparison": {
    "baseline_f1": 0,
    "tuned_f1": 0.211864406779661,
    "improvement_percent": 0
  },
  "training_info": {
    "n_trials": 66,
    "pruned_trials": 0,
    "timestamp": "2025-12-27T11:09:43.830801",
    "gpu_used": false
  }
}