{
  "threshold": 2.0,
  "study_name": "xgb-2.0pct-study",
  "best_trial_number": 53,
  "best_value": 0.7484488752299852,
  "best_params": {
    "max_depth": 7,
    "min_child_weight": 1,
    "n_estimators": 100,
    "learning_rate": 0.0012214770332391676,
    "gamma": 0.025724430895128127,
    "reg_alpha": 0.00010577625955999176,
    "reg_lambda": 0.0022727804148723932,
    "subsample": 0.8407201841915815,
    "colsample_bytree": 0.935851550437755,
    "colsample_bylevel": 0.5197160226543237,
    "colsample_bynode": 0.6904384958508891
  },
  "test_metrics": {
    "accuracy": 0.4859484777517564,
    "precision": 0.3651050080775444,
    "recall": 0.8308823529411765,
    "f1_score": 0.5072951739618407,
    "roc_auc": 0.5967600313321205
  },
  "cv_results": {
    "accuracy_mean": 0.7107205623901581,
    "accuracy_std": 0.07316308791016514,
    "precision_mean": 0.0,
    "precision_std": 0.0,
    "recall_mean": 0.0,
    "recall_std": 0.0,
    "f1_score_mean": 0.0,
    "f1_score_std": 0.0,
    "roc_auc_mean": 0.6117859786381648,
    "roc_auc_std": 0.05169298266287411
  },
  "feature_names": [
    "ema_spread_pct",
    "macd_histogram",
    "squeeze_number_today",
    "minutes_since_last_squeeze",
    "window_volume_vs_1min_avg",
    "distance_from_vwap_percent",
    "day_gain",
    "spy_percent_change_concurrent",
    "spread_percent",
    "market_session_encoded",
    "price_category_encoded"
  ],
  "baseline_comparison": {
    "baseline_f1": 0,
    "tuned_f1": 0.5072951739618407,
    "improvement_percent": 0
  },
  "training_info": {
    "n_trials": 66,
    "pruned_trials": 0,
    "timestamp": "2025-12-27T10:57:40.299538",
    "gpu_used": false
  }
}