{
  "threshold": 3.0,
  "study_name": "xgb-3.0pct-study",
  "best_trial_number": 12,
  "best_value": 0.6789840857876672,
  "best_params": {
    "max_depth": 8,
    "min_child_weight": 3,
    "n_estimators": 250,
    "learning_rate": 0.0012111454708039896,
    "gamma": 0.002723922466592719,
    "reg_alpha": 0.3629852778670354,
    "reg_lambda": 0.002392595684145997,
    "subsample": 0.8336228052393174,
    "colsample_bytree": 0.5012666419747289,
    "colsample_bylevel": 0.6428702856951958,
    "colsample_bynode": 0.7094309227401306
  },
  "test_metrics": {
    "accuracy": 0.5199063231850117,
    "precision": 0.25667351129363447,
    "recall": 0.7225433526011561,
    "f1_score": 0.3787878787878788,
    "roc_auc": 0.6425267160669874
  },
  "cv_results": {
    "accuracy_mean": 0.8151142355008787,
    "accuracy_std": 0.07004700082527442,
    "precision_mean": 0.0,
    "precision_std": 0.0,
    "recall_mean": 0.0,
    "recall_std": 0.0,
    "f1_score_mean": 0.0,
    "f1_score_std": 0.0,
    "roc_auc_mean": 0.5934814545708891,
    "roc_auc_std": 0.055409094902971426
  },
  "feature_names": [
    "ema_spread_pct",
    "macd_histogram",
    "squeeze_number_today",
    "minutes_since_last_squeeze",
    "window_volume_vs_1min_avg",
    "distance_from_vwap_percent",
    "day_gain",
    "spy_percent_change_concurrent",
    "spread_percent",
    "market_session_encoded",
    "price_category_encoded"
  ],
  "baseline_comparison": {
    "baseline_f1": 0,
    "tuned_f1": 0.3787878787878788,
    "improvement_percent": 0
  },
  "training_info": {
    "n_trials": 66,
    "pruned_trials": 0,
    "timestamp": "2025-12-27T11:05:43.949071",
    "gpu_used": false
  }
}