{
  "threshold": 2.5,
  "study_name": "xgb-2.5pct-study",
  "best_trial_number": 59,
  "best_value": 0.7158132694836535,
  "best_params": {
    "max_depth": 9,
    "min_child_weight": 5,
    "n_estimators": 200,
    "learning_rate": 0.0010049531890236852,
    "gamma": 0.00013033593124390152,
    "reg_alpha": 0.19814109592104057,
    "reg_lambda": 0.00016600692618146806,
    "subsample": 0.6686238543417753,
    "colsample_bytree": 0.550157146343043,
    "colsample_bylevel": 0.5943898238059842,
    "colsample_bynode": 0.8721157456125618
  },
  "test_metrics": {
    "accuracy": 0.6756440281030445,
    "precision": 0.6762048192771084,
    "recall": 0.8786692759295499,
    "f1_score": 0.7642553191489362,
    "roc_auc": 0.6886799450000856
  },
  "cv_results": {
    "accuracy_mean": 0.5381370826010545,
    "accuracy_std": 0.03467874723211414,
    "precision_mean": 0.5381370826010545,
    "precision_std": 0.03467874723211414,
    "recall_mean": 1.0,
    "recall_std": 0.0,
    "f1_score_mean": 0.699069836067012,
    "f1_score_std": 0.029101775397742124,
    "roc_auc_mean": 0.6720769547359783,
    "roc_auc_std": 0.04907820196655691
  },
  "feature_names": [
    "ema_spread_pct",
    "macd_histogram",
    "squeeze_number_today",
    "minutes_since_last_squeeze",
    "window_volume_vs_1min_avg",
    "distance_from_vwap_percent",
    "day_gain",
    "spy_percent_change_concurrent",
    "spread_percent",
    "market_session_encoded",
    "price_category_encoded"
  ],
  "baseline_comparison": {
    "baseline_f1": 0,
    "tuned_f1": 0.7642553191489362,
    "improvement_percent": 0
  },
  "training_info": {
    "n_trials": 61,
    "pruned_trials": 0,
    "timestamp": "2025-12-26T17:47:14.875613",
    "gpu_used": false
  }
}