{
  "threshold": 1.5,
  "study_name": "xgb-1.5pct-study",
  "best_trial_number": 29,
  "best_value": 0.7910788088481009,
  "best_params": {
    "max_depth": 9,
    "min_child_weight": 1,
    "n_estimators": 150,
    "learning_rate": 0.0016594512513459108,
    "gamma": 0.0001101909723600499,
    "reg_alpha": 0.02990700897598788,
    "reg_lambda": 0.004919971403092369,
    "subsample": 0.9168737559840091,
    "colsample_bytree": 0.7198415261247826,
    "colsample_bylevel": 0.6906842268132117,
    "colsample_bynode": 0.5924354647849017
  },
  "test_metrics": {
    "accuracy": 0.6787072243346007,
    "precision": 0.72,
    "recall": 0.7945205479452054,
    "f1_score": 0.7554269175108539,
    "roc_auc": 0.7209756661464655
  },
  "cv_results": {
    "accuracy_mean": 0.6517142857142858,
    "accuracy_std": 0.03588416739159147,
    "precision_mean": 0.6517142857142858,
    "precision_std": 0.03588416739159147,
    "recall_mean": 1.0,
    "recall_std": 0.0,
    "f1_score_mean": 0.7885630830883373,
    "f1_score_std": 0.026412467205886192,
    "roc_auc_mean": 0.7162260511462618,
    "roc_auc_std": 0.032162733427071814
  },
  "feature_names": [
    "ema_spread_pct",
    "macd_histogram",
    "squeeze_number_today",
    "minutes_since_last_squeeze",
    "window_volume_vs_1min_avg",
    "distance_from_vwap_percent",
    "day_gain",
    "spy_percent_change_concurrent",
    "spread_percent",
    "market_session_encoded",
    "price_category_encoded"
  ],
  "baseline_comparison": {
    "baseline_f1": 0,
    "tuned_f1": 0.7554269175108539,
    "improvement_percent": 0
  },
  "training_info": {
    "n_trials": 52,
    "pruned_trials": 0,
    "timestamp": "2025-12-26T14:06:45.860227",
    "gpu_used": false
  }
}