{
  "threshold": 2.5,
  "study_name": "xgb-2.5pct-study",
  "best_trial_number": 59,
  "best_value": 0.7158132694836535,
  "best_params": {
    "max_depth": 9,
    "min_child_weight": 5,
    "n_estimators": 200,
    "learning_rate": 0.0010049531890236852,
    "gamma": 0.00013033593124390152,
    "reg_alpha": 0.19814109592104057,
    "reg_lambda": 0.00016600692618146806,
    "subsample": 0.6686238543417753,
    "colsample_bytree": 0.550157146343043,
    "colsample_bylevel": 0.5943898238059842,
    "colsample_bynode": 0.8721157456125618
  },
  "test_metrics": {
    "accuracy": 0.49765807962529274,
    "precision": 0.3118081180811808,
    "recall": 0.7511111111111111,
    "f1_score": 0.4406779661016949,
    "roc_auc": 0.6180745451333688
  },
  "cv_results": {
    "accuracy_mean": 0.768365553602812,
    "accuracy_std": 0.07087113216856121,
    "precision_mean": 0.0,
    "precision_std": 0.0,
    "recall_mean": 0.0,
    "recall_std": 0.0,
    "f1_score_mean": 0.0,
    "f1_score_std": 0.0,
    "roc_auc_mean": 0.608544626677878,
    "roc_auc_std": 0.04032474366406984
  },
  "feature_names": [
    "ema_spread_pct",
    "macd_histogram",
    "squeeze_number_today",
    "minutes_since_last_squeeze",
    "window_volume_vs_1min_avg",
    "distance_from_vwap_percent",
    "day_gain",
    "spy_percent_change_concurrent",
    "spread_percent",
    "market_session_encoded",
    "price_category_encoded"
  ],
  "baseline_comparison": {
    "baseline_f1": 0,
    "tuned_f1": 0.4406779661016949,
    "improvement_percent": 0
  },
  "training_info": {
    "n_trials": 66,
    "pruned_trials": 0,
    "timestamp": "2025-12-27T11:02:58.294271",
    "gpu_used": false
  }
}