{
  "threshold": 1.5,
  "study_name": "xgb-1.5pct-study",
  "best_trial_number": 55,
  "best_value": 0.7972642330244047,
  "best_params": {
    "max_depth": 9,
    "min_child_weight": 1,
    "n_estimators": 100,
    "learning_rate": 0.0013235910549774278,
    "gamma": 0.0001709788447166313,
    "reg_alpha": 0.007593927940854749,
    "reg_lambda": 0.001098875600947436,
    "subsample": 0.9988223383721228,
    "colsample_bytree": 0.7305883229614227,
    "colsample_bylevel": 0.6065492701048893,
    "colsample_bynode": 0.5688817715685446
  },
  "test_metrics": {
    "accuracy": 0.5269320843091335,
    "precision": 0.4331723027375201,
    "recall": 0.838006230529595,
    "f1_score": 0.5711252653927813,
    "roc_auc": 0.6200078319978023
  },
  "cv_results": {
    "accuracy_mean": 0.6400702987697715,
    "accuracy_std": 0.06816987370142326,
    "precision_mean": 0.3246753246753247,
    "precision_std": 0.40238788012544596,
    "recall_mean": 0.012649071358748779,
    "recall_std": 0.0157793910635084,
    "f1_score_mean": 0.02434870828653212,
    "f1_score_std": 0.03036627251890181,
    "roc_auc_mean": 0.6213446055914731,
    "roc_auc_std": 0.042170712498344275
  },
  "feature_names": [
    "ema_spread_pct",
    "macd_histogram",
    "squeeze_number_today",
    "minutes_since_last_squeeze",
    "window_volume_vs_1min_avg",
    "distance_from_vwap_percent",
    "day_gain",
    "spy_percent_change_concurrent",
    "spread_percent",
    "market_session_encoded",
    "price_category_encoded"
  ],
  "baseline_comparison": {
    "baseline_f1": 0,
    "tuned_f1": 0.5711252653927813,
    "improvement_percent": 0
  },
  "training_info": {
    "n_trials": 105,
    "pruned_trials": 0,
    "timestamp": "2025-12-27T10:56:07.141106",
    "gpu_used": false
  }
}