{
  "threshold": 4.0,
  "study_name": "xgb-4.0pct-study",
  "best_trial_number": 57,
  "best_value": 0.616372916031773,
  "best_params": {
    "max_depth": 3,
    "min_child_weight": 2,
    "n_estimators": 100,
    "learning_rate": 0.006468947755538846,
    "gamma": 0.14277714525799645,
    "reg_alpha": 0.12627384776079859,
    "reg_lambda": 0.0015288031341134183,
    "subsample": 0.9600020900668238,
    "colsample_bytree": 0.7881018569659317,
    "colsample_bylevel": 0.6313964329180076,
    "colsample_bynode": 0.8666963956631963
  },
  "test_metrics": {
    "accuracy": 0.594847775175644,
    "precision": 0.5347758887171561,
    "recall": 0.8849104859335039,
    "f1_score": 0.6666666666666666,
    "roc_auc": 0.6702148227118813
  },
  "cv_results": {
    "accuracy_mean": 0.60597539543058,
    "accuracy_std": 0.020717275259460644,
    "precision_mean": 0.6138546811937574,
    "precision_std": 0.08310493047439946,
    "recall_mean": 0.189176509358855,
    "recall_std": 0.09058571488594916,
    "f1_score_mean": 0.2745187876295515,
    "f1_score_std": 0.09478626496890326,
    "roc_auc_mean": 0.6473562934482309,
    "roc_auc_std": 0.05174431842476793
  },
  "feature_names": [
    "ema_spread_pct",
    "macd_histogram",
    "squeeze_number_today",
    "minutes_since_last_squeeze",
    "window_volume_vs_1min_avg",
    "distance_from_vwap_percent",
    "day_gain",
    "spy_percent_change_concurrent",
    "spread_percent",
    "market_session_encoded",
    "price_category_encoded"
  ],
  "baseline_comparison": {
    "baseline_f1": 0,
    "tuned_f1": 0.6666666666666666,
    "improvement_percent": 0
  },
  "training_info": {
    "n_trials": 61,
    "pruned_trials": 0,
    "timestamp": "2025-12-26T17:52:45.425995",
    "gpu_used": false
  }
}