{
  "threshold": 5.0,
  "study_name": "xgb-5.0pct-study",
  "best_trial_number": 47,
  "best_value": 0.5712239756272335,
  "best_params": {
    "max_depth": 3,
    "min_child_weight": 1,
    "n_estimators": 400,
    "learning_rate": 0.0014676204320547457,
    "gamma": 0.10390108216052565,
    "reg_alpha": 2.7533035910754315,
    "reg_lambda": 0.00013308072694660997,
    "subsample": 0.7379412754479283,
    "colsample_bytree": 0.9608449275774049,
    "colsample_bylevel": 0.990721945159727,
    "colsample_bynode": 0.7987349030317195
  },
  "test_metrics": {
    "accuracy": 0.5679156908665105,
    "precision": 0.4802527646129542,
    "recall": 0.8837209302325582,
    "f1_score": 0.6223132036847492,
    "roc_auc": 0.6663047195622436
  },
  "cv_results": {
    "accuracy_mean": 0.6537785588752196,
    "accuracy_std": 0.030702942428010468,
    "precision_mean": 0.2836923076923077,
    "precision_std": 0.36385002437362346,
    "recall_mean": 0.02683006842253257,
    "recall_std": 0.03789427446822321,
    "f1_score_mean": 0.04885098317934139,
    "f1_score_std": 0.0684186244509291,
    "roc_auc_mean": 0.6609784710308846,
    "roc_auc_std": 0.06942655164161526
  },
  "feature_names": [
    "ema_spread_pct",
    "macd_histogram",
    "squeeze_number_today",
    "minutes_since_last_squeeze",
    "window_volume_vs_1min_avg",
    "distance_from_vwap_percent",
    "day_gain",
    "spy_percent_change_concurrent",
    "spread_percent",
    "market_session_encoded",
    "price_category_encoded"
  ],
  "baseline_comparison": {
    "baseline_f1": 0,
    "tuned_f1": 0.6223132036847492,
    "improvement_percent": 0
  },
  "training_info": {
    "n_trials": 61,
    "pruned_trials": 0,
    "timestamp": "2025-12-26T17:55:58.260090",
    "gpu_used": false
  }
}