{
  "threshold": 7.0,
  "study_name": "xgb-7.0pct-study",
  "best_trial_number": 43,
  "best_value": 0.49240005098782935,
  "best_params": {
    "max_depth": 5,
    "min_child_weight": 8,
    "n_estimators": 400,
    "learning_rate": 0.003315349595201597,
    "gamma": 0.02735036904275585,
    "reg_alpha": 0.4315811243172703,
    "reg_lambda": 0.02587965475940887,
    "subsample": 0.8021921685790447,
    "colsample_bytree": 0.999689574241141,
    "colsample_bylevel": 0.5555945827608246,
    "colsample_bynode": 0.8915815507091044
  },
  "test_metrics": {
    "accuracy": 0.6169201520912547,
    "precision": 0.381294964028777,
    "recall": 0.7822878228782287,
    "f1_score": 0.5126964933494559,
    "roc_auc": 0.7097391460470301
  },
  "cv_results": {
    "accuracy_mean": 0.7408571428571429,
    "accuracy_std": 0.0385619035858354,
    "precision_mean": 0.5583333333333333,
    "precision_std": 0.3370624736026114,
    "recall_mean": 0.03617923742923744,
    "recall_std": 0.05116317732332812,
    "f1_score_mean": 0.06186985392985429,
    "f1_score_std": 0.08295769333722489,
    "roc_auc_mean": 0.6670116515865836,
    "roc_auc_std": 0.039788769129160864
  },
  "feature_names": [
    "ema_spread_pct",
    "macd_histogram",
    "squeeze_number_today",
    "minutes_since_last_squeeze",
    "window_volume_vs_1min_avg",
    "distance_from_vwap_percent",
    "day_gain",
    "spy_percent_change_concurrent",
    "spread_percent",
    "market_session_encoded",
    "price_category_encoded"
  ],
  "baseline_comparison": {
    "baseline_f1": 0,
    "tuned_f1": 0.5126964933494559,
    "improvement_percent": 0
  },
  "training_info": {
    "n_trials": 50,
    "pruned_trials": 0,
    "timestamp": "2025-12-26T16:31:57.299481",
    "gpu_used": false
  }
}