{
  "threshold": 7.0,
  "study_name": "xgb-7.0pct-study",
  "best_trial_number": 43,
  "best_value": 0.49240005098782935,
  "best_params": {
    "max_depth": 5,
    "min_child_weight": 8,
    "n_estimators": 400,
    "learning_rate": 0.003315349595201597,
    "gamma": 0.02735036904275585,
    "reg_alpha": 0.4315811243172703,
    "reg_lambda": 0.02587965475940887,
    "subsample": 0.8021921685790447,
    "colsample_bytree": 0.999689574241141,
    "colsample_bylevel": 0.5555945827608246,
    "colsample_bynode": 0.8915815507091044
  },
  "test_metrics": {
    "accuracy": 0.5468384074941453,
    "precision": 0.3968804159445407,
    "recall": 0.8544776119402985,
    "f1_score": 0.5420118343195266,
    "roc_auc": 0.6418228821761499
  },
  "cv_results": {
    "accuracy_mean": 0.7536028119507909,
    "accuracy_std": 0.02624225863610557,
    "precision_mean": 0.4533333333333333,
    "precision_std": 0.39866443700602805,
    "recall_mean": 0.04275273948391658,
    "recall_std": 0.05188935748895406,
    "f1_score_mean": 0.07441645089593775,
    "f1_score_std": 0.08736883237748241,
    "roc_auc_mean": 0.6669897978853854,
    "roc_auc_std": 0.07874292395708245
  },
  "feature_names": [
    "ema_spread_pct",
    "macd_histogram",
    "squeeze_number_today",
    "minutes_since_last_squeeze",
    "window_volume_vs_1min_avg",
    "distance_from_vwap_percent",
    "day_gain",
    "spy_percent_change_concurrent",
    "spread_percent",
    "market_session_encoded",
    "price_category_encoded"
  ],
  "baseline_comparison": {
    "baseline_f1": 0,
    "tuned_f1": 0.5420118343195266,
    "improvement_percent": 0
  },
  "training_info": {
    "n_trials": 61,
    "pruned_trials": 0,
    "timestamp": "2025-12-26T18:02:12.975881",
    "gpu_used": false
  }
}