{
  "threshold": 3.0,
  "study_name": "xgb-3.0pct-study",
  "best_trial_number": 12,
  "best_value": 0.6789840857876672,
  "best_params": {
    "max_depth": 8,
    "min_child_weight": 3,
    "n_estimators": 250,
    "learning_rate": 0.0012111454708039896,
    "gamma": 0.002723922466592719,
    "reg_alpha": 0.3629852778670354,
    "reg_lambda": 0.002392595684145997,
    "subsample": 0.8336228052393174,
    "colsample_bytree": 0.5012666419747289,
    "colsample_bylevel": 0.6428702856951958,
    "colsample_bynode": 0.7094309227401306
  },
  "test_metrics": {
    "accuracy": 0.6359315589353612,
    "precision": 0.5930599369085173,
    "recall": 0.7504990019960079,
    "f1_score": 0.6625550660792952,
    "roc_auc": 0.7058876801750401
  },
  "cv_results": {
    "accuracy_mean": 0.6134285714285713,
    "accuracy_std": 0.041567255558839555,
    "precision_mean": 0.5760177813308673,
    "precision_std": 0.05006841947214075,
    "recall_mean": 0.8668034914615547,
    "recall_std": 0.06425205368900778,
    "f1_score_mean": 0.6906459892247707,
    "f1_score_std": 0.04542280256462765,
    "roc_auc_mean": 0.6801563007549261,
    "roc_auc_std": 0.024842410499573916
  },
  "feature_names": [
    "ema_spread_pct",
    "macd_histogram",
    "squeeze_number_today",
    "minutes_since_last_squeeze",
    "window_volume_vs_1min_avg",
    "distance_from_vwap_percent",
    "day_gain",
    "spy_percent_change_concurrent",
    "spread_percent",
    "market_session_encoded",
    "price_category_encoded"
  ],
  "baseline_comparison": {
    "baseline_f1": 0,
    "tuned_f1": 0.6625550660792952,
    "improvement_percent": 0
  },
  "training_info": {
    "n_trials": 50,
    "pruned_trials": 0,
    "timestamp": "2025-12-26T14:38:56.296660",
    "gpu_used": false
  }
}