{
  "threshold": 6.0,
  "study_name": "xgb-6.0pct-study",
  "best_trial_number": 79,
  "best_value": 0.527147655812574,
  "best_params": {
    "max_depth": 3,
    "min_child_weight": 8,
    "n_estimators": 200,
    "learning_rate": 0.00764431432442571,
    "gamma": 0.030797532502140526,
    "reg_alpha": 0.0024489593532229866,
    "reg_lambda": 0.04203190514714885,
    "subsample": 0.8494944506854556,
    "colsample_bytree": 0.9883786483621786,
    "colsample_bylevel": 0.9462016050835669,
    "colsample_bynode": 0.8728491099456845
  },
  "test_metrics": {
    "accuracy": 0.36768149882903983,
    "precision": 0.10135135135135136,
    "recall": 0.8823529411764706,
    "f1_score": 0.18181818181818182,
    "roc_auc": 0.6183299655740158
  },
  "cv_results": {
    "accuracy_mean": 0.9448154657293498,
    "accuracy_std": 0.03273991148596139,
    "precision_mean": 0.0,
    "precision_std": 0.0,
    "recall_mean": 0.0,
    "recall_std": 0.0,
    "f1_score_mean": 0.0,
    "f1_score_std": 0.0,
    "roc_auc_mean": 0.6204055268393631,
    "roc_auc_std": 0.060245810666970996
  },
  "feature_names": [
    "ema_spread_pct",
    "macd_histogram",
    "squeeze_number_today",
    "minutes_since_last_squeeze",
    "window_volume_vs_1min_avg",
    "distance_from_vwap_percent",
    "day_gain",
    "spy_percent_change_concurrent",
    "spread_percent",
    "market_session_encoded",
    "price_category_encoded"
  ],
  "baseline_comparison": {
    "baseline_f1": 0,
    "tuned_f1": 0.18181818181818182,
    "improvement_percent": 0
  },
  "training_info": {
    "n_trials": 162,
    "pruned_trials": 0,
    "timestamp": "2025-12-27T10:34:13.538492",
    "gpu_used": false
  }
}