{
  "threshold": 6.0,
  "study_name": "xgb-6.0pct-study",
  "best_trial_number": 79,
  "best_value": 0.527147655812574,
  "best_params": {
    "max_depth": 3,
    "min_child_weight": 8,
    "n_estimators": 200,
    "learning_rate": 0.00764431432442571,
    "gamma": 0.030797532502140526,
    "reg_alpha": 0.0024489593532229866,
    "reg_lambda": 0.04203190514714885,
    "subsample": 0.8494944506854556,
    "colsample_bytree": 0.9883786483621786,
    "colsample_bylevel": 0.9462016050835669,
    "colsample_bynode": 0.8728491099456845
  },
  "test_metrics": {
    "accuracy": 0.5644028103044496,
    "precision": 0.44816053511705684,
    "recall": 0.864516129032258,
    "f1_score": 0.5903083700440529,
    "roc_auc": 0.6546341318785579
  },
  "cv_results": {
    "accuracy_mean": 0.7131810193321616,
    "accuracy_std": 0.027707883550110852,
    "precision_mean": 0.684274322169059,
    "precision_std": 0.16122316582223614,
    "recall_mean": 0.09337887359770866,
    "recall_std": 0.05750184848685565,
    "f1_score_mean": 0.1561221307851991,
    "f1_score_std": 0.08451864219932984,
    "roc_auc_mean": 0.6641444197020321,
    "roc_auc_std": 0.06813723096194002
  },
  "feature_names": [
    "ema_spread_pct",
    "macd_histogram",
    "squeeze_number_today",
    "minutes_since_last_squeeze",
    "window_volume_vs_1min_avg",
    "distance_from_vwap_percent",
    "day_gain",
    "spy_percent_change_concurrent",
    "spread_percent",
    "market_session_encoded",
    "price_category_encoded"
  ],
  "baseline_comparison": {
    "baseline_f1": 0,
    "tuned_f1": 0.5903083700440529,
    "improvement_percent": 0
  },
  "training_info": {
    "n_trials": 112,
    "pruned_trials": 0,
    "timestamp": "2025-12-26T17:58:45.383517",
    "gpu_used": false
  }
}