{
  "threshold": 5.0,
  "study_name": "xgb-5.0pct-study",
  "best_trial_number": 47,
  "best_value": 0.5712239756272335,
  "best_params": {
    "max_depth": 3,
    "min_child_weight": 1,
    "n_estimators": 400,
    "learning_rate": 0.0014676204320547457,
    "gamma": 0.10390108216052565,
    "reg_alpha": 2.7533035910754315,
    "reg_lambda": 0.00013308072694660997,
    "subsample": 0.7379412754479283,
    "colsample_bytree": 0.9608449275774049,
    "colsample_bylevel": 0.990721945159727,
    "colsample_bynode": 0.7987349030317195
  },
  "test_metrics": {
    "accuracy": 0.6112167300380228,
    "precision": 0.44724409448818897,
    "recall": 0.8304093567251462,
    "f1_score": 0.5813715455475946,
    "roc_auc": 0.7111934766493699
  },
  "cv_results": {
    "accuracy_mean": 0.6428571428571429,
    "accuracy_std": 0.03750374130996663,
    "precision_mean": 0.13548387096774192,
    "precision_std": 0.27096774193548384,
    "recall_mean": 0.01634241245136187,
    "recall_std": 0.032684824902723744,
    "f1_score_mean": 0.029166666666666667,
    "f1_score_std": 0.058333333333333334,
    "roc_auc_mean": 0.6598832659962438,
    "roc_auc_std": 0.03011142602747042
  },
  "feature_names": [
    "ema_spread_pct",
    "macd_histogram",
    "squeeze_number_today",
    "minutes_since_last_squeeze",
    "window_volume_vs_1min_avg",
    "distance_from_vwap_percent",
    "day_gain",
    "spy_percent_change_concurrent",
    "spread_percent",
    "market_session_encoded",
    "price_category_encoded"
  ],
  "baseline_comparison": {
    "baseline_f1": 0,
    "tuned_f1": 0.5813715455475946,
    "improvement_percent": 0
  },
  "training_info": {
    "n_trials": 50,
    "pruned_trials": 0,
    "timestamp": "2025-12-26T15:29:59.446752",
    "gpu_used": false
  }
}