{
  "timestamp": "2025-12-16T10:15:22.664901",
  "data_directory": "/home/wilsonb/dl/github.com/Z223I/alpaca/historical_data",
  "total_alerts": 9943,
  "features": {
    "ema_spread_pct": {
      "count": 2337,
      "mean": 0.07978550717976814,
      "std": 3.5276230842589626,
      "min": -33.33333333333335,
      "max": 15.675871216688774
    },
    "macd_histogram": {
      "count": 2012,
      "mean": -0.005612624254473161,
      "std": 0.10344148214529643,
      "min": -0.6119,
      "max": 0.7345
    },
    "squeeze_number_today": {
      "count": 2608,
      "mean": 72.46587423312883,
      "std": 73.18722139715976,
      "min": 1.0,
      "max": 315.0
    },
    "minutes_since_last_squeeze": {
      "count": 2543,
      "mean": 3.6859024773889106,
      "std": 9.634047149474124,
      "min": 0.5,
      "max": 179.08
    },
    "window_volume_vs_1min_avg": {
      "count": 2587,
      "mean": 256.14014688828763,
      "std": 352.6483660668442,
      "min": 0.02,
      "max": 3339.95
    },
    "distance_from_vwap_percent": {
      "count": 2608,
      "mean": 1.6301725460122698,
      "std": 4.336899271427454,
      "min": -20.86,
      "max": 52.99
    },
    "day_gain": {
      "count": 5871,
      "mean": 102.07366100203562,
      "std": 137.75046895639284,
      "min": 10.011580166333294,
      "max": 1355.128205128205
    },
    "spy_percent_change_concurrent": {
      "count": 2397,
      "mean": -0.09944931163954945,
      "std": 0.32633063487844455,
      "min": -0.9,
      "max": 0.58
    },
    "spread_percent": {
      "count": 2708,
      "mean": 1.7351610117599177,
      "std": 1.734205497583656,
      "min": -0.5952380952380958,
      "max": 18.62745098039215
    }
  }
}