{
  "timestamp": "2025-12-18T07:43:49.118584",
  "data_directory": "/home/wilsonb/dl/github.com/Z223I/alpaca/historical_data",
  "total_alerts": 3423,
  "features": {
    "ema_spread_pct": {
      "count": 3087,
      "mean": 0.15713946471163476,
      "std": 3.323806968847528,
      "min": -33.33333333333335,
      "max": 15.675871216688774
    },
    "macd_histogram": {
      "count": 2729,
      "mean": -0.003751960425064125,
      "std": 0.09073796182972756,
      "min": -0.6119,
      "max": 0.7345
    },
    "squeeze_number_today": {
      "count": 3423,
      "mean": 69.98802220274612,
      "std": 68.67761214095532,
      "min": 1.0,
      "max": 315.0
    },
    "minutes_since_last_squeeze": {
      "count": 3336,
      "mean": 4.33490407673861,
      "std": 11.643015845638983,
      "min": 0.5,
      "max": 183.17
    },
    "window_volume_vs_1min_avg": {
      "count": 3423,
      "mean": 249.95074788197485,
      "std": 333.49428234223683,
      "min": 0.02,
      "max": 3339.95
    },
    "distance_from_vwap_percent": {
      "count": 3423,
      "mean": 1.6143850423605028,
      "std": 4.087149555681413,
      "min": -20.86,
      "max": 52.99
    },
    "day_gain": {
      "count": 3418,
      "mean": 194.7188943788686,
      "std": 735.6322856666682,
      "min": 10.066169617893754,
      "max": 5773.90263367917
    },
    "spy_percent_change_concurrent": {
      "count": 3211,
      "mean": -0.1105979445655559,
      "std": 0.3442187650880825,
      "min": -1.33,
      "max": 0.6
    },
    "spread_percent": {
      "count": 3423,
      "mean": 1.687136669255495,
      "std": 1.7212902762381,
      "min": -0.5952380952380958,
      "max": 18.62745098039215
    }
  }
}