{"params/tree_method":"hist","cv/roc_auc_std":0.06985222115507558,"test/accuracy":0.39344262295081966,"params/max_depth":4,"test/roc_auc":0.6015566531956293,"params/subsample":0.8648772976705643,"params/min_child_weight":7,"cv/f1_score_std":0.07096108542248063,"confusion_matrix_6.0pct":{"_type":"image-file","sha256":"39bca4935fe843cd7dc5a322f0632123dca687eb4ca474b9b1bfcc32cad244ad","size":181472,"path":"media/images/confusion_matrix_6.0pct_55_39bca4935fe843cd7dc5.png","format":"png","width":2903,"height":2092},"training_time_seconds":21.077802181243896,"cv/accuracy_mean":0.4822495606326889,"_step":55,"pruned_trials":0,"optuna/slice":{"_type":"plotly-file","sha256":"70ee2318c2b38ff13c771d5ed56110c0e54496b10e6f1d72d2ad2df32960cf4f","size":86127,"path":"media/plotly/optuna/slice_53_70ee2318c2b38ff13c77.plotly.json"},"params/colsample_bynode":0.8391010711994792,"test/precision":0.10106382978723404,"test/recall":0.8382352941176471,"optuna/param_importances":{"sha256":"3562894b3a70953d1c4fa0b100650c4c1ecbf1c860f2c745ff8025d13de86166","size":8869,"path":"media/plotly/optuna/param_importances_51_3562894b3a70953d1c4f.plotly.json","_type":"plotly-file"},"params/colsample_bylevel":0.9396144464015458,"trial_number":161,"best_params":{"subsample":0.8494944506854556,"colsample_bytree":0.9883786483621786,"colsample_bylevel":0.9462016050835669,"colsample_bynode":0.8728491099456845,"n_estimators":200,"learning_rate":0.00764431432442571,"gamma":0.030797532502140526,"max_depth":3,"min_child_weight":8,"reg_alpha":0.0024489593532229866,"reg_lambda":0.04203190514714885},"cv/precision_std":0.04325366950106689,"optuna/parallel_coordinate":{"sha256":"81bba6f613644d5cc75e3d175d2094a10781521991ee2fd35ceff40d4ca881e5","size":43063,"path":"media/plotly/optuna/parallel_coordinate_52_81bba6f613644d5cc75e.plotly.json","_type":"plotly-file"},"failed_trials":2,"cv/roc_auc_mean":0.6390834174730058,"params/n_estimators":200,"complete_trials":158,"_timestamp":1.7668532536882548e+09,"params/learning_rate":0.004321626886075302,"params/scale_pos_weight":13.973684210526315,"cv/recall_std":0.1650757681961896,"cv/precision_mean":0.07286535407155773,"_runtime":640,"cv/accuracy_std":0.1313317620650364,"params/reg_alpha":0.7111016390433632,"optuna/edf":{"path":"media/plotly/optuna/edf_54_364da8eeabbad5537178.plotly.json","_type":"plotly-file","sha256":"364da8eeabbad55371783bd8247d1852e02d159707a5f64209f9f55e623d9514","size":9728},"_wandb":{"runtime":640},"optuna/optimization_history":{"_type":"plotly-file","sha256":"4c01a6b37616646b3793031557bf51506d16939c21902771f5e7629ea70eb703","size":15427,"path":"media/plotly/optuna/optimization_history_50_4c01a6b37616646b3793.plotly.json"},"params/reg_lambda":0.06962199245611062,"test/f1_score":0.18037974683544303,"cv/recall_mean":0.721201923076923,"params/colsample_bytree":0.9486138912212175,"total_trials":162,"best_value":0.527147655812574,"params/n_jobs":-1,"params/gamma":0.02171635875648614,"cv/f1_score_mean":0.12940376673135295,"best_trial_number":79}