{"failed_trials":0,"params/colsample_bynode":0.6540451089933643,"pruned_trials":0,"params/learning_rate":0.001313947743001745,"best_params":{"n_estimators":100,"learning_rate":0.0022100565578871563,"gamma":0.006965489766942084,"reg_alpha":0.060080837752446076,"reg_lambda":0.053744353179595875,"subsample":0.7993894423346701,"colsample_bytree":0.7204895773101947,"colsample_bylevel":0.7259954438825873,"colsample_bynode":0.7437745512999451,"max_depth":7,"min_child_weight":1},"test/accuracy":0.6340304182509505,"cv/f1_score_std":0.04432787596044939,"params/colsample_bylevel":0.7062793812548012,"cv/accuracy_mean":0.6125714285714285,"_timestamp":1.7667804571807706e+09,"cv/roc_auc_mean":0.6781822018476489,"cv/precision_std":0.0723424976559596,"params/subsample":0.9012453545572503,"cv/roc_auc_std":0.032007860771803426,"params/tree_method":"hist","cv/precision_mean":0.6187735709204489,"params/n_jobs":-1,"params/reg_lambda":0.18536344812556976,"params/reg_alpha":0.03749893389945894,"optuna/param_importances":{"path":"media/plotly/optuna/param_importances_51_bb24bea5bb30605ca325.plotly.json","_type":"plotly-file","sha256":"bb24bea5bb30605ca3254f751607a77f87f8b0d157cb861fddf47c32dc0ae82a","size":8880},"params/colsample_bytree":0.8311023692082616,"optuna/optimization_history":{"size":10079,"path":"media/plotly/optuna/optimization_history_50_7f119fe61e11f4b1e329.plotly.json","_type":"plotly-file","sha256":"7f119fe61e11f4b1e329ad3fcec4d1277775a32976c8f47f3b98bf30cdee052d"},"params/n_estimators":100,"test/precision":0.6279761904761905,"cv/accuracy_std":0.027692185591916406,"cv/recall_std":0.15779844906237583,"_runtime":377,"test/recall":0.7576301615798923,"params/gamma":0.0119492454861875,"optuna/parallel_coordinate":{"size":19925,"path":"media/plotly/optuna/parallel_coordinate_52_bf60c4962d5dfa54ba39.plotly.json","_type":"plotly-file","sha256":"bf60c4962d5dfa54ba3903171076f67804ee47a37f50c30afce3407a332ce147"},"test/f1_score":0.6867371847030106,"best_trial_number":34,"_wandb":{"runtime":377},"trial_number":49,"total_trials":50,"cv/f1_score_mean":0.6964539390685075,"_step":54,"params/min_child_weight":1,"optuna/slice":{"_type":"plotly-file","sha256":"8f4ed1957d065f19502b012904ad6eda64cbbb0ca136cd3fc30691f614661730","size":37551,"path":"media/plotly/optuna/slice_53_8f4ed1957d065f19502b.plotly.json"},"complete_trials":50,"cv/recall_mean":0.8341815409876434,"params/scale_pos_weight":0.7950469684030743,"test/roc_auc":0.6913406960085596,"best_value":0.7106408544198553,"training_time_seconds":3.0055830478668213,"params/max_depth":7,"optuna/edf":{"_type":"plotly-file","sha256":"4a1d35b879ef2017487e1a3b08c71fe00a831423904d8a19a14a6cf6cd8c3ca1","size":9728,"path":"media/plotly/optuna/edf_54_4a1d35b879ef2017487e.plotly.json"}}